use mosabeghe_mahale;

-- phpMyAdmin SQL Dump
-- version 5.1.1
-- https://www.phpmyadmin.net/
--
-- Host: 127.0.0.1
-- Generation Time: Dec 23, 2021 at 12:19 PM
-- Server version: 10.4.21-MariaDB
-- PHP Version: 8.0.11

SET SQL_MODE = "NO_AUTO_VALUE_ON_ZERO";
START TRANSACTION;
SET time_zone = "+00:00";


/*!40101 SET @OLD_CHARACTER_SET_CLIENT=@@CHARACTER_SET_CLIENT */;
/*!40101 SET @OLD_CHARACTER_SET_RESULTS=@@CHARACTER_SET_RESULTS */;
/*!40101 SET @OLD_COLLATION_CONNECTION=@@COLLATION_CONNECTION */;
/*!40101 SET NAMES utf8mb4 */;

--
-- Database: `db1`
--

-- --------------------------------------------------------

--
-- Table structure for table `contests`
--

CREATE TABLE `contests` (
  `id` bigint(20) NOT NULL,
  `title` varchar(255) CHARACTER SET utf8 COLLATE utf8_bin NOT NULL
) ENGINE=InnoDB DEFAULT CHARSET=utf8mb4 COLLATE=utf8mb4_unicode_ci;

--
-- Dumping data for table `contests`
--

INSERT INTO `contests` (`id`, `title`) VALUES
(1, 'Meedoo'),
(2, 'Brightdog'),
(3, 'Realbridge'),
(4, 'Agivu'),
(5, 'Gevee'),
(6, 'Realblab'),
(7, 'Meemm'),
(8, 'Oodoo'),
(9, 'mahale'),
(10, 'Voonte'),
(11, 'Jaxspan'),
(12, 'Skipstorm'),
(13, 'Feedfire'),
(14, 'Youbridge'),
(15, 'Ntag'),
(16, 'Meeveo'),
(17, 'Tavu'),
(18, 'Dabfeed'),
(19, 'Oyondu'),
(20, 'Browsetype'),
(21, 'Yacero'),
(22, 'Zoomlounge'),
(23, 'Flipopia'),
(24, 'Divavu'),
(25, 'Eidel'),
(26, 'Flashspan'),
(27, 'Twitterlist'),
(28, 'Browsetype'),
(29, 'Janyx'),
(30, 'Topiczoom'),
(31, 'Kwinu'),
(32, 'mahale1'),
(33, 'mahale2'),
(34, 'mahale3'),
(35, 'mahale4'),
(36, 'mahale5'),
(37, 'mahale6'),
(38, 'mahale7'),
(39, 'qwert');

-- --------------------------------------------------------

--
-- Table structure for table `problems`
--

CREATE TABLE `problems` (
  `id` bigint(20) NOT NULL,
  `contest_id` bigint(20) NOT NULL,
  `title` varchar(255) CHARACTER SET utf8 COLLATE utf8_bin NOT NULL
) ENGINE=InnoDB DEFAULT CHARSET=utf8mb4 COLLATE=utf8mb4_unicode_ci;

--
-- Dumping data for table `problems`
--

INSERT INTO `problems` (`id`, `contest_id`, `title`) VALUES
(1, 5, 'D\'Amore-Reilly'),
(2, 1, 'Feeney-Dietrich'),
(3, 26, 'Schoen-Jaskolski'),
(4, 28, 'Walsh, Lubowitz and Haag'),
(5, 3, 'Leannon, Nikolaus and Gerhold'),
(6, 10, 'Douglas, Harber and Heller'),
(7, 14, 'Torphy Inc'),
(8, 12, 'Balistreri, Skiles and Erdman'),
(9, 7, 'Crooks, Hagenes and Stroman'),
(10, 9, 'Hodkiewicz-Grimes'),
(11, 20, 'O\'Conner-Ernser'),
(12, 7, 'Botsford, Murphy and Buckridge'),
(13, 28, 'Sporer, Nikolaus and Gerhold'),
(14, 25, 'Bernier Inc'),
(15, 25, 'Hintz LLC'),
(16, 17, 'Weber-Smitham'),
(17, 7, 'Gerlach-Rodriguez'),
(18, 28, 'Cronin-Littel'),
(19, 29, 'Wiegand-Huels'),
(20, 1, 'Cormier LLC'),
(21, 6, 'Gutkowski-Kertzmann'),
(22, 5, 'Bashirian Group'),
(23, 19, 'Homenick and Sons'),
(24, 4, 'Roberts, Walter and Marks'),
(25, 12, 'Wunsch, Goldner and Fahey'),
(26, 12, 'Casper-O\'Keefe'),
(27, 14, 'Ernser Inc'),
(28, 2, 'Mosciski, Considine and Marquardt'),
(29, 3, 'Frami LLC'),
(30, 9, 'Wintheiser, Bosco and Johnston'),
(31, 23, 'Zboncak-Murazik'),
(32, 26, 'Lang LLC'),
(33, 1, 'Grady-Graham'),
(34, 12, 'Tillman, Volkman and Lubowitz'),
(35, 10, 'Hickle-Hane'),
(36, 14, 'Langosh, Terry and Price'),
(37, 6, 'Hettinger-Boyer'),
(38, 8, 'Schiller LLC'),
(39, 15, 'Brakus, Stroman and Buckridge'),
(40, 1, 'Hudson, Toy and Wiza'),
(41, 9, 'Nolan, Conroy and Ritchie'),
(42, 10, 'Tromp, Vandervort and Metz'),
(43, 8, 'Borer Inc'),
(44, 21, 'Koch Group'),
(45, 19, 'Berge, Legros and Jenkins'),
(46, 16, 'Wisoky Inc'),
(47, 19, 'Jerde and Sons'),
(48, 1, 'Hartmann-Jaskolski'),
(49, 1, 'Kulas-Bahringer'),
(50, 1, 'Beier-Daugherty'),
(51, 27, 'Smith, Lockman and Russel'),
(52, 10, 'Roberts, Crist and Rowe'),
(53, 9, 'Crooks, Schowalter and Conn'),
(54, 24, 'Wuckert and Sons'),
(55, 3, 'Brekke-Hills'),
(56, 14, 'Terry, Cormier and Rohan'),
(57, 9, 'Ritchie-Wintheiser'),
(58, 24, 'Will-Schaden'),
(59, 20, 'Heaney, Quigley and Yost'),
(60, 10, 'Rice, Rolfson and Cole'),
(61, 11, 'Hamill, Keebler and O\'Connell'),
(62, 9, 'Murray and Sons'),
(63, 3, 'Blick LLC'),
(64, 25, 'Reichert, Farrell and Nicolas'),
(65, 21, 'Donnelly, Crooks and Bergstrom'),
(66, 6, 'Lindgren Inc'),
(67, 26, 'Breitenberg and Sons'),
(68, 14, 'Feest, Fay and Stiedemann'),
(69, 2, 'Grady and Sons'),
(70, 26, 'Howell-McLaughlin'),
(71, 5, 'Nader, Morissette and Murphy'),
(72, 30, 'Schulist and Sons'),
(73, 16, 'Stehr, Pfeffer and Witting'),
(74, 22, 'Grant, Mills and Yundt'),
(75, 7, 'Hoppe-Nitzsche'),
(76, 28, 'Heidenreich-Runolfsson'),
(77, 8, 'Howe, Stroman and Sporer'),
(78, 23, 'Bailey Inc'),
(79, 18, 'Ebert, Okuneva and Crooks'),
(80, 26, 'Daugherty, Kuhic and Von'),
(81, 30, 'Kulas-DuBuque'),
(82, 29, 'Feil-Homenick'),
(83, 12, 'Morissette Inc'),
(84, 30, 'Bernhard, Grady and Hammes'),
(85, 9, 'Kreiger, Metz and Borer'),
(86, 30, 'Hyatt, Herzog and Metz'),
(87, 5, 'Abbott, Macejkovic and Yundt'),
(88, 21, 'Beer Inc'),
(89, 8, 'Hilll-Kreiger'),
(90, 18, 'Abernathy, Stokes and Gerhold'),
(91, 16, 'Brakus, Runte and Cartwright'),
(92, 19, 'Yost-Stoltenberg'),
(93, 27, 'Borer-Conn'),
(94, 11, 'Kuhn-Beahan'),
(95, 7, 'Bosco-Zemlak'),
(96, 27, 'Kiehn-Lueilwitz'),
(97, 18, 'Gusikowski-Gislason'),
(98, 3, 'Littel and Sons'),
(99, 23, 'Hudson-Klocko'),
(100, 20, 'Walsh-Beer'),
(101, 4, 'Bayer, Cummings and Rohan'),
(102, 16, 'Ryan, Dare and Conn'),
(103, 3, 'Swift-Zulauf'),
(104, 23, 'Kiehn, Zulauf and Wiegand'),
(105, 29, 'Mertz-Rath'),
(106, 24, 'Kreiger Inc'),
(107, 10, 'Witting-Emmerich'),
(108, 6, 'Stiedemann Group'),
(109, 22, 'Cummerata Group'),
(110, 26, 'Keebler, Ward and Wolff'),
(111, 3, 'Mohr-Spinka'),
(112, 25, 'Stokes, Reichel and Keeling'),
(113, 27, 'Kub-Reilly'),
(114, 17, 'Marks, Tremblay and Parker'),
(115, 24, 'Dietrich Group'),
(116, 5, 'Renner and Sons'),
(117, 16, 'Sipes, Corkery and Hintz'),
(118, 22, 'Feeney LLC'),
(119, 2, 'Buckridge Inc'),
(120, 14, 'Corwin Group'),
(121, 1, 'Renner, Brakus and Weimann'),
(122, 25, 'Hoeger, Lindgren and Schmidt'),
(123, 13, 'Crona, Sauer and Mante'),
(124, 12, 'Kihn and Sons'),
(125, 16, 'Wilderman-Bogan'),
(126, 5, 'Beatty, Davis and Hermiston'),
(127, 27, 'Hammes-Bins'),
(128, 5, 'Williamson-Bahringer'),
(129, 6, 'Mraz-Sawayn'),
(130, 28, 'Zulauf-Shields'),
(131, 26, 'Rempel Inc'),
(132, 21, 'Ryan-Hyatt'),
(133, 8, 'Durgan LLC'),
(134, 20, 'Kozey Group'),
(135, 24, 'Rosenbaum-Kozey'),
(136, 18, 'Kutch, Gaylord and Bechtelar'),
(137, 8, 'Doyle, Kuhic and Botsford'),
(138, 1, 'Bins, Jast and Roob'),
(139, 18, 'Connelly, Wuckert and Fritsch'),
(140, 22, 'Waters, Hills and Mertz'),
(141, 21, 'Gusikowski, Jast and Ankunding'),
(142, 24, 'McKenzie Group'),
(143, 29, 'Heller and Sons'),
(144, 10, 'Gaylord LLC'),
(145, 27, 'Cummerata-Shanahan'),
(146, 20, 'Bosco-Mertz'),
(147, 23, 'Rolfson, Prosacco and Mohr'),
(148, 30, 'Romaguera-Reinger'),
(149, 28, 'Jacobson-Schimmel'),
(150, 2, 'Nolan-Hessel');

-- --------------------------------------------------------

--
-- Table structure for table `submissions`
--

CREATE TABLE `submissions` (
  `id` bigint(20) NOT NULL,
  `user_id` bigint(20) NOT NULL,
  `problem_id` bigint(20) NOT NULL,
  `score` bigint(20) NOT NULL DEFAULT 0
) ENGINE=InnoDB DEFAULT CHARSET=utf8mb4 COLLATE=utf8mb4_unicode_ci;

--
-- Dumping data for table `submissions`
--

INSERT INTO `submissions` (`id`, `user_id`, `problem_id`, `score`) VALUES
(1, 24, 74, 18),
(2, 5, 75, 100),
(3, 72, 128, 67),
(4, 71, 10, 35),
(5, 77, 82, 49),
(6, 144, 94, 56),
(7, 6, 57, 15),
(8, 13, 68, 32),
(9, 5, 47, 98),
(10, 65, 74, 86),
(11, 62, 36, 56),
(12, 126, 116, 60),
(13, 58, 28, 64),
(14, 72, 113, 5),
(15, 66, 123, 39),
(16, 140, 21, 18),
(17, 138, 137, 27),
(18, 84, 76, 92),
(19, 63, 81, 92),
(20, 34, 10, 98),
(21, 93, 61, 80),
(22, 70, 85, 31),
(23, 43, 11, 88),
(24, 22, 137, 70),
(25, 116, 82, 74),
(26, 31, 112, 22),
(27, 49, 10, 1),
(28, 22, 85, 13),
(29, 106, 7, 10),
(30, 15, 124, 75),
(31, 29, 68, 88),
(32, 64, 58, 58),
(33, 102, 105, 45),
(34, 22, 28, 78),
(35, 10, 150, 37),
(36, 113, 34, 53),
(37, 141, 41, 47),
(38, 135, 134, 13),
(39, 141, 2, 24),
(40, 44, 146, 88),
(41, 101, 77, 33),
(42, 55, 147, 37),
(43, 54, 105, 56),
(44, 134, 26, 38),
(45, 65, 48, 65),
(46, 146, 6, 13),
(47, 131, 18, 75),
(48, 44, 91, 31),
(49, 19, 115, 5),
(50, 132, 61, 96),
(51, 103, 12, 16),
(52, 37, 82, 55),
(53, 72, 62, 40),
(54, 119, 39, 81),
(55, 41, 115, 54),
(56, 80, 33, 23),
(57, 124, 54, 19),
(58, 102, 96, 4),
(59, 10, 71, 22),
(60, 47, 66, 59),
(61, 3, 144, 87),
(62, 13, 137, 91),
(63, 136, 20, 87),
(64, 119, 107, 14),
(65, 117, 68, 12),
(66, 67, 124, 15),
(67, 37, 115, 96),
(68, 104, 1, 63),
(69, 39, 37, 62),
(70, 19, 95, 62),
(71, 132, 109, 99),
(72, 83, 82, 35),
(73, 80, 80, 23),
(74, 149, 54, 61),
(75, 34, 39, 94),
(76, 112, 95, 13),
(77, 86, 93, 29),
(78, 32, 65, 8),
(79, 125, 3, 7),
(80, 57, 26, 43),
(81, 13, 44, 90),
(82, 131, 72, 30),
(83, 138, 118, 54),
(84, 16, 58, 28),
(85, 109, 66, 88),
(86, 101, 150, 64),
(87, 142, 23, 25),
(88, 107, 117, 13),
(89, 109, 126, 2),
(90, 129, 84, 83),
(91, 91, 59, 95),
(92, 85, 62, 76),
(93, 21, 39, 66),
(94, 56, 128, 29),
(95, 84, 132, 36),
(96, 1, 29, 43),
(97, 45, 108, 74),
(98, 73, 117, 9),
(99, 150, 148, 14),
(100, 105, 122, 81),
(101, 147, 42, 75),
(102, 98, 19, 15),
(103, 76, 71, 3),
(104, 46, 19, 35),
(105, 5, 6, 64),
(106, 144, 6, 67),
(107, 96, 1, 99),
(108, 133, 9, 50),
(109, 123, 89, 26),
(110, 9, 10, 60),
(111, 97, 4, 23),
(112, 54, 7, 39),
(113, 4, 139, 81),
(114, 135, 84, 49),
(115, 95, 120, 7),
(116, 56, 46, 41),
(117, 132, 36, 96),
(118, 150, 149, 53),
(119, 124, 122, 82),
(120, 120, 88, 6),
(121, 69, 29, 1),
(122, 110, 10, 25),
(123, 60, 44, 14),
(124, 91, 42, 93),
(125, 98, 119, 32),
(126, 2, 145, 35),
(127, 107, 46, 93),
(128, 71, 54, 51),
(129, 39, 116, 51),
(130, 145, 57, 49),
(131, 27, 121, 70),
(132, 109, 64, 26),
(133, 76, 1, 27),
(134, 57, 88, 83),
(135, 106, 40, 44),
(136, 34, 53, 11),
(137, 68, 138, 78),
(138, 129, 64, 31),
(139, 97, 149, 95),
(140, 18, 64, 45),
(141, 69, 52, 41),
(142, 7, 26, 70),
(143, 116, 110, 60),
(144, 28, 30, 67),
(145, 65, 58, 6),
(146, 34, 21, 37),
(147, 67, 122, 86),
(148, 11, 47, 16),
(149, 73, 78, 17),
(150, 17, 116, 48),
(151, 121, 11, 34),
(152, 37, 66, 73),
(153, 15, 119, 56),
(154, 28, 4, 56),
(155, 64, 48, 100),
(156, 32, 96, 99),
(157, 11, 130, 45),
(158, 124, 56, 30),
(159, 125, 41, 57),
(160, 66, 91, 17),
(161, 136, 146, 81),
(162, 20, 61, 20),
(163, 97, 2, 55),
(164, 110, 3, 3),
(165, 2, 40, 46),
(166, 64, 72, 12),
(167, 76, 52, 38),
(168, 30, 65, 1),
(169, 114, 82, 50),
(170, 126, 83, 30),
(171, 87, 147, 16),
(172, 20, 80, 66),
(173, 57, 57, 64),
(174, 18, 5, 87),
(175, 125, 55, 18),
(176, 131, 109, 78),
(177, 18, 105, 68),
(178, 126, 148, 33),
(179, 88, 102, 43),
(180, 133, 72, 96),
(181, 38, 90, 62),
(182, 93, 124, 3),
(183, 60, 53, 33),
(184, 122, 13, 7),
(185, 95, 42, 72),
(186, 122, 8, 31),
(187, 127, 21, 67),
(188, 19, 89, 56),
(189, 26, 14, 70),
(190, 43, 56, 36),
(191, 86, 50, 60),
(192, 44, 11, 17),
(193, 146, 19, 49),
(194, 79, 4, 99),
(195, 93, 67, 25),
(196, 40, 86, 80),
(197, 35, 103, 56),
(198, 138, 66, 45),
(199, 66, 144, 77),
(200, 45, 104, 31),
(201, 6, 62, 94),
(202, 93, 65, 42),
(203, 64, 82, 18),
(204, 3, 18, 16),
(205, 53, 49, 78),
(206, 144, 1, 37),
(207, 128, 122, 65),
(208, 40, 148, 35),
(209, 104, 60, 34),
(210, 100, 27, 91),
(211, 32, 40, 53),
(212, 86, 41, 11),
(213, 135, 52, 92),
(214, 99, 150, 81),
(215, 9, 27, 63),
(216, 53, 79, 33),
(217, 30, 101, 60),
(218, 62, 72, 29),
(219, 27, 10, 24),
(220, 41, 3, 72),
(221, 1, 3, 67),
(222, 76, 102, 57),
(223, 21, 77, 9),
(224, 41, 17, 100),
(225, 84, 34, 88),
(226, 1, 91, 81),
(227, 2, 58, 39),
(228, 42, 21, 93),
(229, 108, 135, 29),
(230, 84, 61, 50),
(231, 140, 147, 15),
(232, 14, 149, 59),
(233, 13, 47, 34),
(234, 67, 82, 35),
(235, 29, 5, 64),
(236, 131, 138, 74),
(237, 51, 38, 97),
(238, 129, 101, 16),
(239, 144, 45, 4),
(240, 32, 15, 78),
(241, 109, 86, 87),
(242, 10, 98, 51),
(243, 23, 35, 28),
(244, 136, 26, 92),
(245, 86, 103, 76),
(246, 108, 135, 30),
(247, 59, 135, 22),
(248, 13, 106, 41),
(249, 69, 2, 13),
(250, 134, 93, 37),
(251, 34, 118, 89),
(252, 79, 9, 86),
(253, 29, 58, 42),
(254, 12, 104, 46),
(255, 82, 109, 89),
(256, 5, 125, 100),
(257, 19, 71, 34),
(258, 63, 53, 19),
(259, 67, 56, 88),
(260, 113, 41, 10),
(261, 20, 32, 66),
(262, 18, 130, 56),
(263, 72, 44, 27),
(264, 104, 132, 30),
(265, 88, 13, 63),
(266, 88, 82, 51),
(267, 13, 138, 46),
(268, 42, 133, 1),
(269, 40, 52, 8),
(270, 36, 92, 21),
(271, 150, 2, 60),
(272, 14, 10, 98),
(273, 64, 18, 27),
(274, 10, 44, 72),
(275, 41, 10, 33),
(276, 131, 138, 50),
(277, 73, 130, 18),
(278, 115, 70, 57),
(279, 46, 64, 68),
(280, 43, 121, 23),
(281, 76, 81, 17),
(282, 22, 148, 66),
(283, 146, 46, 26),
(284, 102, 142, 96),
(285, 62, 59, 21),
(286, 149, 73, 99),
(287, 29, 59, 74),
(288, 25, 56, 1),
(289, 106, 70, 97),
(290, 105, 45, 68),
(291, 148, 26, 79),
(292, 53, 106, 21),
(293, 40, 83, 37),
(294, 67, 30, 19),
(295, 29, 75, 81),
(296, 62, 70, 43),
(297, 38, 66, 61),
(298, 50, 149, 80),
(299, 139, 90, 96),
(300, 107, 139, 80),
(301, 104, 95, 91),
(302, 123, 104, 9),
(303, 30, 12, 57),
(304, 96, 3, 32),
(305, 25, 147, 34),
(306, 77, 27, 10),
(307, 58, 50, 24),
(308, 148, 113, 60),
(309, 25, 50, 54),
(310, 54, 67, 85),
(311, 146, 40, 84),
(312, 38, 24, 48),
(313, 43, 69, 53),
(314, 81, 122, 15),
(315, 115, 11, 22),
(316, 24, 76, 42),
(317, 28, 76, 47),
(318, 60, 132, 12),
(319, 127, 34, 19),
(320, 65, 9, 30),
(321, 59, 143, 57),
(322, 123, 55, 54),
(323, 35, 137, 12),
(324, 36, 66, 89),
(325, 47, 34, 21),
(326, 34, 50, 13),
(327, 54, 35, 47),
(328, 97, 146, 79),
(329, 23, 2, 71),
(330, 53, 34, 87),
(331, 45, 69, 29),
(332, 11, 140, 58),
(333, 146, 87, 48),
(334, 73, 129, 24),
(335, 106, 6, 51),
(336, 50, 114, 55),
(337, 93, 86, 77),
(338, 96, 73, 17),
(339, 7, 138, 98),
(340, 80, 25, 16),
(341, 86, 31, 17),
(342, 23, 6, 64),
(343, 132, 12, 68),
(344, 56, 9, 95),
(345, 35, 132, 65),
(346, 143, 76, 40),
(347, 76, 96, 26),
(348, 142, 115, 46),
(349, 26, 11, 91),
(350, 140, 110, 41),
(351, 115, 74, 17),
(352, 147, 137, 13),
(353, 150, 22, 70),
(354, 85, 12, 76),
(355, 141, 121, 69),
(356, 96, 94, 60),
(357, 1, 77, 11),
(358, 114, 117, 16),
(359, 139, 42, 86),
(360, 102, 61, 19),
(361, 10, 55, 32),
(362, 65, 122, 47),
(363, 142, 32, 63),
(364, 78, 61, 25),
(365, 76, 96, 35),
(366, 71, 121, 9),
(367, 66, 93, 30),
(368, 51, 138, 89),
(369, 59, 11, 61),
(370, 93, 116, 60),
(371, 27, 117, 91),
(372, 59, 120, 59),
(373, 24, 8, 39),
(374, 86, 28, 95),
(375, 61, 37, 59),
(376, 98, 90, 16),
(377, 79, 102, 35),
(378, 58, 149, 40),
(379, 16, 39, 10),
(380, 4, 47, 28),
(381, 20, 1, 46),
(382, 9, 139, 12),
(383, 89, 148, 49),
(384, 138, 147, 43),
(385, 32, 23, 12),
(386, 37, 53, 100),
(387, 150, 2, 8),
(388, 127, 105, 49),
(389, 128, 15, 80),
(390, 120, 105, 32),
(391, 103, 1, 25),
(392, 113, 137, 39),
(393, 11, 116, 75),
(394, 117, 96, 22),
(395, 126, 149, 40),
(396, 140, 41, 85),
(397, 68, 119, 8),
(398, 12, 53, 74),
(399, 38, 124, 20),
(400, 37, 54, 34),
(401, 8, 148, 34),
(402, 50, 87, 11),
(403, 69, 80, 96),
(404, 123, 135, 59),
(405, 106, 93, 11),
(406, 14, 133, 31),
(407, 135, 69, 37),
(408, 143, 37, 8),
(409, 60, 63, 45),
(410, 61, 15, 6),
(411, 20, 33, 33),
(412, 11, 113, 26),
(413, 12, 48, 80),
(414, 58, 140, 90),
(415, 137, 102, 42),
(416, 88, 69, 84),
(417, 140, 42, 6),
(418, 146, 49, 59),
(419, 119, 33, 73),
(420, 110, 87, 21),
(421, 13, 123, 14),
(422, 144, 136, 46),
(423, 114, 47, 21),
(424, 107, 142, 7),
(425, 66, 47, 57),
(426, 76, 72, 89),
(427, 8, 62, 95),
(428, 23, 15, 12),
(429, 55, 128, 90),
(430, 2, 9, 15),
(431, 60, 5, 78),
(432, 118, 53, 16),
(433, 4, 87, 19),
(434, 127, 119, 60),
(435, 115, 106, 77),
(436, 51, 62, 7),
(437, 61, 136, 37),
(438, 109, 132, 49),
(439, 33, 130, 84),
(440, 72, 143, 94),
(441, 84, 58, 13),
(442, 37, 126, 57),
(443, 84, 13, 3),
(444, 108, 89, 55),
(445, 62, 131, 5),
(446, 83, 127, 59),
(447, 123, 89, 88),
(448, 53, 26, 59),
(449, 6, 93, 19),
(450, 23, 142, 67),
(451, 65, 14, 63),
(452, 80, 133, 80),
(453, 41, 84, 39),
(454, 107, 118, 12),
(455, 58, 34, 64),
(456, 60, 12, 5),
(457, 36, 48, 23),
(458, 82, 133, 55),
(459, 42, 74, 54),
(460, 32, 90, 14),
(461, 125, 63, 23),
(462, 136, 146, 43),
(463, 127, 68, 30),
(464, 143, 51, 42),
(465, 129, 91, 65),
(466, 110, 98, 57),
(467, 82, 77, 53),
(468, 47, 122, 65),
(469, 96, 86, 81),
(470, 18, 8, 5),
(471, 39, 25, 8),
(472, 50, 24, 99),
(473, 29, 109, 2),
(474, 8, 55, 65),
(475, 34, 108, 86),
(476, 69, 121, 61),
(477, 115, 100, 96),
(478, 143, 16, 4),
(479, 8, 15, 78),
(480, 119, 92, 48),
(481, 92, 103, 92),
(482, 122, 61, 55),
(483, 10, 104, 16),
(484, 28, 72, 46),
(485, 38, 51, 34),
(486, 61, 98, 48),
(487, 147, 61, 59),
(488, 140, 135, 63),
(489, 25, 8, 73),
(490, 59, 58, 74),
(491, 9, 95, 88),
(492, 109, 149, 23),
(493, 13, 97, 31),
(494, 93, 123, 10),
(495, 67, 71, 59),
(496, 94, 33, 51),
(497, 103, 23, 44),
(498, 1, 147, 23),
(499, 134, 136, 31),
(500, 25, 34, 36),
(501, 63, 64, 58),
(502, 98, 89, 57),
(503, 142, 4, 1),
(504, 69, 137, 31),
(505, 149, 139, 44),
(506, 66, 149, 9),
(507, 109, 103, 94),
(508, 68, 58, 88),
(509, 67, 85, 90),
(510, 126, 103, 15),
(511, 52, 93, 72),
(512, 129, 93, 42),
(513, 46, 42, 38),
(514, 36, 116, 93),
(515, 112, 1, 3),
(516, 19, 56, 84),
(517, 125, 128, 14),
(518, 94, 37, 57),
(519, 64, 103, 95),
(520, 91, 49, 54),
(521, 40, 55, 100),
(522, 54, 101, 82),
(523, 60, 18, 44),
(524, 90, 112, 54),
(525, 12, 5, 28),
(526, 58, 1, 55),
(527, 74, 101, 84),
(528, 12, 141, 81),
(529, 10, 131, 13),
(530, 77, 36, 59),
(531, 30, 78, 95),
(532, 27, 121, 66),
(533, 148, 60, 67),
(534, 87, 108, 45),
(535, 145, 100, 70),
(536, 41, 84, 31),
(537, 68, 102, 77),
(538, 62, 148, 6),
(539, 138, 13, 17),
(540, 127, 131, 66),
(541, 16, 88, 94),
(542, 95, 44, 41),
(543, 144, 83, 86),
(544, 56, 60, 39),
(545, 87, 94, 58),
(546, 124, 18, 1),
(547, 121, 32, 90),
(548, 150, 60, 19),
(549, 75, 12, 66),
(550, 44, 83, 52),
(551, 115, 30, 52),
(552, 25, 98, 30),
(553, 32, 73, 30),
(554, 19, 103, 71),
(555, 56, 131, 41),
(556, 34, 134, 98),
(557, 23, 138, 64),
(558, 131, 9, 86),
(559, 42, 97, 59),
(560, 9, 5, 85),
(561, 11, 75, 91),
(562, 70, 34, 64),
(563, 107, 2, 36),
(564, 85, 12, 16),
(565, 4, 112, 83),
(566, 130, 63, 42),
(567, 96, 29, 20),
(568, 18, 107, 11),
(569, 130, 123, 36),
(570, 143, 66, 83),
(571, 143, 27, 52),
(572, 47, 3, 54),
(573, 52, 28, 22),
(574, 55, 124, 97),
(575, 87, 49, 55),
(576, 5, 30, 15),
(577, 4, 91, 81),
(578, 105, 106, 7),
(579, 64, 13, 83),
(580, 21, 7, 22),
(581, 68, 46, 3),
(582, 40, 34, 3),
(583, 85, 92, 30),
(584, 129, 16, 56),
(585, 64, 70, 51),
(586, 76, 25, 74),
(587, 111, 142, 42),
(588, 96, 143, 78),
(589, 147, 32, 12),
(590, 105, 28, 72),
(591, 123, 25, 63),
(592, 131, 51, 33),
(593, 105, 42, 57),
(594, 6, 96, 85),
(595, 53, 76, 33),
(596, 115, 49, 39),
(597, 45, 129, 19),
(598, 147, 11, 11),
(599, 76, 11, 26),
(600, 142, 76, 59),
(601, 60, 113, 34),
(602, 69, 80, 2),
(603, 101, 59, 27),
(604, 96, 91, 19),
(605, 110, 70, 81),
(606, 70, 124, 95),
(607, 106, 8, 18),
(608, 34, 136, 31),
(609, 92, 87, 74),
(610, 138, 47, 23),
(611, 113, 109, 90),
(612, 66, 103, 55),
(613, 133, 15, 83),
(614, 44, 149, 93),
(615, 50, 5, 34),
(616, 133, 112, 46),
(617, 97, 10, 74),
(618, 109, 81, 56),
(619, 69, 21, 18),
(620, 53, 140, 75),
(621, 143, 117, 40),
(622, 68, 105, 87),
(623, 147, 10, 3),
(624, 101, 46, 91),
(625, 128, 76, 49),
(626, 32, 108, 95),
(627, 141, 59, 48),
(628, 144, 51, 53),
(629, 126, 38, 91),
(630, 122, 60, 5),
(631, 98, 34, 7),
(632, 139, 4, 100),
(633, 138, 150, 20),
(634, 97, 145, 62),
(635, 55, 149, 67),
(636, 63, 125, 19),
(637, 81, 85, 44),
(638, 100, 96, 99),
(639, 60, 80, 15),
(640, 92, 13, 81),
(641, 63, 80, 78),
(642, 34, 10, 23),
(643, 119, 55, 86),
(644, 40, 29, 21),
(645, 90, 54, 76),
(646, 107, 125, 27),
(647, 29, 98, 27),
(648, 146, 113, 51),
(649, 49, 19, 42),
(650, 97, 16, 19),
(651, 111, 59, 8),
(652, 28, 87, 72),
(653, 150, 10, 58),
(654, 137, 107, 99),
(655, 134, 40, 11),
(656, 21, 108, 6),
(657, 89, 78, 44),
(658, 64, 126, 30),
(659, 64, 29, 53),
(660, 13, 89, 75),
(661, 59, 24, 96),
(662, 70, 14, 91),
(663, 38, 81, 48),
(664, 115, 108, 45),
(665, 80, 135, 70),
(666, 18, 65, 9),
(667, 125, 86, 78),
(668, 58, 36, 22),
(669, 111, 74, 68),
(670, 83, 94, 6);

-- --------------------------------------------------------

--
-- Table structure for table `users`
--

CREATE TABLE `users` (
  `id` bigint(20) NOT NULL,
  `name` varchar(255) CHARACTER SET utf8 COLLATE utf8_bin NOT NULL
) ENGINE=InnoDB DEFAULT CHARSET=utf8mb4 COLLATE=utf8mb4_unicode_ci;

--
-- Dumping data for table `users`
--

INSERT INTO `users` (`id`, `name`) VALUES
(1, 'Adelaida Reignolds'),
(2, 'Fairlie Matus'),
(3, 'Ilene Chastelain'),
(4, 'Had Hamley'),
(5, 'Freddie Cannam'),
(6, 'Gayelord Crosser'),
(7, 'Dore Adney'),
(8, 'Thane Mousby'),
(9, 'Brooks Fynn'),
(10, 'Omero Ashby'),
(11, 'Allsun Harrower'),
(12, 'Kalindi Swafield'),
(13, 'Daisy Blacksell'),
(14, 'Goldia Bagehot'),
(15, 'Allianora Ioselevich'),
(16, 'Melisande Jedrzejewicz'),
(17, 'Christy Reveley'),
(18, 'Karlens Touhig'),
(19, 'Zahara Kayley'),
(20, 'Kellsie Yitzovitz'),
(21, 'Keely Barroux'),
(22, 'Mikaela Harradine'),
(23, 'Nessy Colledge'),
(24, 'Wernher Cosgrove'),
(25, 'Cornelia McLorinan'),
(26, 'Worth Reardon'),
(27, 'Ruddie Raubheim'),
(28, 'Tawnya Tunnah'),
(29, 'Robbert Sedgman'),
(30, 'Brnaba Stert'),
(31, 'Paco Tumielli'),
(32, 'Ranique Buist'),
(33, 'Alley Gooddy'),
(34, 'Jordon Gerrish'),
(35, 'Catriona Eveque'),
(36, 'Michale Muscroft'),
(37, 'Imogen Gommey'),
(38, 'Alika Normanell'),
(39, 'Gwenora Ricarde'),
(40, 'Jae Hardi'),
(41, 'Coleman Poller'),
(42, 'Chiarra O\'Dreain'),
(43, 'Delphine Ricards'),
(44, 'Consuelo McCumesky'),
(45, 'Margy Henaughan'),
(46, 'Robbi McDonand'),
(47, 'Che Fetherby'),
(48, 'Mareah Trythall'),
(49, 'Jeanine Layus'),
(50, 'Lexine Pietrzyk'),
(51, 'Jojo Vaughton'),
(52, 'Ava Forri'),
(53, 'Nestor Hallowell'),
(54, 'Engracia Sewter'),
(55, 'Ichabod Burgisi'),
(56, 'Mame Folonin'),
(57, 'Sondra Leckenby'),
(58, 'Nev Pidduck'),
(59, 'Anna-diane Torregiani'),
(60, 'Paige Aherne'),
(61, 'Evered Syms'),
(62, 'Pierette Aslet'),
(63, 'Fergus Godball'),
(64, 'Gay Benjafield'),
(65, 'Curcio Chuney'),
(66, 'Raddy Romaine'),
(67, 'Rhianon Aistrop'),
(68, 'Dinny Courvert'),
(69, 'Bobette Kerne'),
(70, 'Weidar Gearing'),
(71, 'Redd Rapper'),
(72, 'Alia Dutch'),
(73, 'Carmina Correa'),
(74, 'Nicola Wisbey'),
(75, 'Georgeanna Dovington'),
(76, 'Siegfried Laye'),
(77, 'Culver Zucker'),
(78, 'Benedick Dionisi'),
(79, 'Cash Sallans'),
(80, 'Norry Spellworth'),
(81, 'Emory Woodier'),
(82, 'Milli Gyer'),
(83, 'Keane Emmison'),
(84, 'Giff Been'),
(85, 'Karl Delph'),
(86, 'Garold Offield'),
(87, 'Margaretta Farady'),
(88, 'Perkin Buckler'),
(89, 'Dot Wyllcocks'),
(90, 'Fiorenze Fidoe'),
(91, 'Tristam Hoy'),
(92, 'Deane Toffler'),
(93, 'Clemens Somerset'),
(94, 'Cleopatra Blue'),
(95, 'Gray Aspinall'),
(96, 'Rea Goly'),
(97, 'Jacki Gheorghescu'),
(98, 'Nady Scibsey'),
(99, 'Tilda Gidman'),
(100, 'Padgett Puddle'),
(101, 'Maren Risborough'),
(102, 'Dawna Dewdney'),
(103, 'Gabriela Vanyushin'),
(104, 'Tynan Hosby'),
(105, 'Anstice Kelway'),
(106, 'Mimi Kezar'),
(107, 'Justus Gonsalvez'),
(108, 'Bethanne Carle'),
(109, 'Taddeo Hauxley'),
(110, 'Augustina Geaves'),
(111, 'Lincoln Swadling'),
(112, 'Moyra Sheekey'),
(113, 'Daisy McKennan'),
(114, 'Yalonda Jeffery'),
(115, 'Delinda Veque'),
(116, 'Didi Gilberthorpe'),
(117, 'Lelia Creggan'),
(118, 'Alan Prickett'),
(119, 'Kalindi Crux'),
(120, 'Federica Pudner'),
(121, 'Forster Nelthropp'),
(122, 'Freddie Firks'),
(123, 'Sherye Philippon'),
(124, 'Haily MacCafferty'),
(125, 'Blythe Browncey'),
(126, 'Cody Lyptratt'),
(127, 'Whitman Burrill'),
(128, 'Mendy Rive'),
(129, 'Sandy Woolfall'),
(130, 'Barnie Queripel'),
(131, 'Danica Doorey'),
(132, 'Hallie Marieton'),
(133, 'Arda Larrett'),
(134, 'Vincents Mochar'),
(135, 'Damara Devorill'),
(136, 'Brocky Heys'),
(137, 'Morley Stabbins'),
(138, 'Elaina Riteley'),
(139, 'Eula Raff'),
(140, 'Leonie Garrick'),
(141, 'Robyn McGowran'),
(142, 'Rorie Calken'),
(143, 'Jean Gwillyam'),
(144, 'Claybourne Ruggieri'),
(145, 'Virginia Haig'),
(146, 'Nerty O\'Shee'),
(147, 'Constantin Rathjen'),
(148, 'Lindsey Pennycock'),
(149, 'Bertie MacTrustam'),
(150, 'Joaquin Pietrowicz');

--
-- Indexes for dumped tables
--

--
-- Indexes for table `contests`
--
ALTER TABLE `contests`
  ADD PRIMARY KEY (`id`);

--
-- Indexes for table `problems`
--
ALTER TABLE `problems`
  ADD PRIMARY KEY (`id`),
  ADD KEY `contest_id` (`contest_id`);

--
-- Indexes for table `submissions`
--
ALTER TABLE `submissions`
  ADD PRIMARY KEY (`id`),
  ADD KEY `problem_id` (`problem_id`),
  ADD KEY `user_id` (`user_id`);

--
-- Indexes for table `users`
--
ALTER TABLE `users`
  ADD PRIMARY KEY (`id`);

--
-- AUTO_INCREMENT for dumped tables
--

--
-- AUTO_INCREMENT for table `contests`
--
ALTER TABLE `contests`
  MODIFY `id` bigint(20) NOT NULL AUTO_INCREMENT, AUTO_INCREMENT=40;

--
-- AUTO_INCREMENT for table `problems`
--
ALTER TABLE `problems`
  MODIFY `id` bigint(20) NOT NULL AUTO_INCREMENT, AUTO_INCREMENT=151;

--
-- AUTO_INCREMENT for table `submissions`
--
ALTER TABLE `submissions`
  MODIFY `id` bigint(20) NOT NULL AUTO_INCREMENT, AUTO_INCREMENT=671;

--
-- AUTO_INCREMENT for table `users`
--
ALTER TABLE `users`
  MODIFY `id` bigint(20) NOT NULL AUTO_INCREMENT, AUTO_INCREMENT=151;

--
-- Constraints for dumped tables
--

--
-- Constraints for table `problems`
--
ALTER TABLE `problems`
  ADD CONSTRAINT `problems_ibfk_1` FOREIGN KEY (`contest_id`) REFERENCES `contests` (`id`) ON DELETE CASCADE ON UPDATE CASCADE;

--
-- Constraints for table `submissions`
--
ALTER TABLE `submissions`
  ADD CONSTRAINT `submissions_ibfk_1` FOREIGN KEY (`problem_id`) REFERENCES `problems` (`id`) ON DELETE CASCADE ON UPDATE CASCADE,
  ADD CONSTRAINT `submissions_ibfk_2` FOREIGN KEY (`user_id`) REFERENCES `users` (`id`) ON DELETE CASCADE ON UPDATE CASCADE;
COMMIT;

/*!40101 SET CHARACTER_SET_CLIENT=@OLD_CHARACTER_SET_CLIENT */;
/*!40101 SET CHARACTER_SET_RESULTS=@OLD_CHARACTER_SET_RESULTS */;
/*!40101 SET COLLATION_CONNECTION=@OLD_COLLATION_CONNECTION */;
