date,volume,price
09:00:30,100000,6260.0
09:00:30,50213,6260.0
09:00:30,28030,6260.0
09:00:30,14050,6260.0
09:00:30,7958,6260.0
09:00:30,5000,6260.0
09:00:30,3231,6260.0
09:00:30,1750,6260.0
09:00:30,1535,6260.0
09:00:30,950,6260.0
09:00:30,769,6260.0
09:00:30,440,6260.0
09:00:30,292,6260.0
09:00:30,131,6260.0
09:00:30,68,6260.0
09:00:30,59,6260.0
09:00:51,5000,6260.0
09:00:52,33465,6260.0
09:00:52,50000,6260.0
09:00:52,1000,6260.0
09:00:52,110,6260.0
09:00:52,759,6260.0
09:00:52,3223,6260.0
09:00:52,2185,6260.0
09:00:52,10000,6260.0
09:00:52,35500,6260.0
09:00:52,404,6260.0
09:00:52,63354,6260.0
09:00:55,3690,6240.0
09:00:55,2310,6240.0
09:00:56,5439,6240.0
09:00:56,7675,6240.0
09:00:56,7711,6240.0
09:00:56,7175,6240.0
09:00:59,36647,6260.0
09:00:59,50000,6260.0
09:00:59,3200,6260.0
09:00:59,126,6260.0
09:00:59,11568,6260.0
09:01:06,806,6260.0
09:01:06,694,6260.0
09:01:25,377,6240.0
09:01:25,7546,6240.0
09:01:25,8537,6240.0
09:01:25,7865,6240.0
09:01:25,675,6240.0
09:01:35,3639,6240.0
09:02:00,1504,6240.0
09:02:05,813,6260.0
09:02:17,2219,6240.0
09:02:17,6528,6240.0
09:02:17,1444,6240.0
09:02:17,1346,6240.0
09:02:25,1000,6250.0
09:02:31,6431,6240.0
09:02:31,957,6240.0
09:02:31,4783,6240.0
09:02:32,5217,6240.0
09:02:32,15000,6240.0
09:02:32,49336,6240.0
09:02:32,808,6250.0
09:02:33,5300,6250.0
09:02:42,6305,6250.0
09:02:44,2587,6250.0
09:02:44,664,6240.0
09:02:44,1749,6240.0
09:02:53,10089,6240.0
09:02:53,4930,6240.0
09:02:57,1000,6240.0
09:03:22,50756,6240.0
09:04:04,1000,6240.0
09:04:15,42314,6240.0
09:04:15,5000,6240.0
09:04:15,9176,6240.0
09:04:15,9137,6240.0
09:04:15,9060,6240.0
09:04:15,8927,6240.0
09:04:15,3183,6240.0
09:04:15,1000,6240.0
09:04:37,5000,6230.0
09:04:46,10000,6230.0
09:04:49,1029,6230.0
09:04:50,4179,6230.0
09:04:50,5821,6230.0
09:04:51,4950,6230.0
09:04:51,10000,6230.0
09:04:55,5000,6230.0
09:04:58,5203,6240.0
09:04:58,11751,6240.0
09:04:58,1000,6240.0
09:04:58,13846,6240.0
09:05:13,8000,6230.0
09:05:16,1300,6240.0
09:05:23,3478,6240.0
09:05:32,4900,6230.0
09:05:32,9000,6230.0
09:05:41,2970,6230.0
09:05:52,10120,6230.0
09:06:00,1601,6240.0
09:06:00,1601,6240.0
09:06:02,633,6230.0
09:06:03,2000,6230.0
09:06:16,1000,6230.0
09:06:18,25606,6230.0
09:06:18,1000,6230.0
09:06:18,11526,6230.0
09:06:18,9387,6230.0
09:06:18,9572,6230.0
09:06:18,11488,6230.0
09:06:18,15000,6230.0
09:06:18,50000,6230.0
09:06:18,1270,6230.0
09:06:18,10000,6230.0
09:06:18,6700,6230.0
09:06:35,808,6230.0
09:06:36,1000,6220.0
09:06:36,3805,6220.0
09:06:36,5000,6220.0
09:06:36,12915,6220.0
09:06:39,2000,6220.0
09:06:40,1000,6220.0
09:06:41,2000,6220.0
09:06:42,8000,6220.0
09:06:44,683,6220.0
09:06:56,4444,6220.0
09:06:56,288,6220.0
09:07:00,18670,6220.0
09:07:00,15000,6220.0
09:07:00,2000,6220.0
09:07:00,5000,6220.0
09:07:00,19355,6220.0
09:07:00,13135,6220.0
09:07:00,5524,6220.0
09:07:00,7643,6230.0
09:07:00,5000,6230.0
09:07:00,589,6230.0
09:07:00,12450,6230.0
09:07:04,10000,6230.0
09:07:12,2000,6230.0
09:07:13,4900,6230.0
09:07:20,900,6230.0
09:07:24,11000,6230.0
09:07:25,1440,6230.0
09:07:30,4537,6230.0
09:07:53,10000,6230.0
09:07:53,53365,6240.0
09:07:53,1463,6240.0
09:07:53,9037,6240.0
09:07:53,47898,6240.0
09:08:01,3802,6230.0
09:08:23,13000,6230.0
09:08:28,2000,6230.0
09:08:35,5017,6230.0
09:08:35,1521,6230.0
09:08:42,4201,6230.0
09:08:42,1000,6230.0
09:08:42,1000,6230.0
09:08:42,3500,6230.0
09:08:42,1500,6230.0
09:09:00,3776,6220.0
09:09:03,880,6220.0
09:09:04,15671,6230.0
09:09:04,195,6230.0
09:09:04,48300,6230.0
09:09:04,15794,6230.0
09:09:05,1792,6220.0
09:09:05,6236,6220.0
09:09:09,1000,6230.0
09:09:10,7675,6220.0
09:09:10,12325,6220.0
09:09:14,2069,6220.0
09:09:14,14133,6220.0
09:09:14,17161,6220.0
09:09:14,16845,6220.0
09:09:14,80088,6220.0
09:09:14,3000,6220.0
09:09:15,810,6220.0
09:09:16,865,6220.0
09:09:27,808,6210.0
09:09:27,6000,6210.0
09:09:27,3192,6210.0
09:09:37,60000,6220.0
09:09:44,1808,6210.0
09:09:44,8192,6210.0
09:09:45,3000,6210.0
09:09:47,1600,6210.0
09:09:47,1000,6210.0
09:09:48,1514,6210.0
09:09:57,5029,6220.0
09:09:57,1013,6220.0
09:09:58,3478,6210.0
09:10:02,4400,6220.0
09:10:05,74587,6220.0
09:10:05,8500,6220.0
09:10:05,13946,6220.0
09:10:05,2967,6220.0
09:10:12,7033,6220.0
09:10:12,10000,6220.0
09:10:12,962,6220.0
09:10:14,1000,6220.0
09:10:19,7000,6220.0
09:10:28,5000,6220.0
09:10:28,1000,6230.0
09:10:34,3000,6220.0
09:10:36,42645,6220.0
09:10:36,2282,6230.0
09:10:36,5935,6230.0
09:10:36,13778,6230.0
09:10:36,1000,6230.0
09:10:36,26111,6230.0
09:10:40,8249,6230.0
09:10:40,1751,6210.0
09:10:48,830,6220.0
09:10:49,5000,6220.0
09:11:13,33333,6220.0
09:11:25,650,6220.0
09:11:30,1000,6240.0
09:11:34,1000,6220.0
09:11:37,1622,6220.0
09:11:52,3400,6230.0
09:11:57,2844,6240.0
09:12:06,820,6230.0
09:12:34,871,6240.0
09:12:35,779,6230.0
09:12:35,177,6230.0
09:12:50,4823,6230.0
09:12:50,1655,6230.0
09:12:50,137,6230.0
09:12:50,1500,6230.0
09:12:50,363,6230.0
09:12:51,18533,6230.0
09:12:51,20710,6230.0
09:12:51,2695,6230.0
09:12:57,23128,6230.0
09:12:57,6872,6230.0
09:12:59,18365,6230.0
09:13:09,935,6230.0
09:13:09,99065,6240.0
09:13:12,37206,6230.0
09:13:15,22200,6240.0
09:13:15,42800,6240.0
09:13:20,57200,6240.0
09:13:20,7800,6240.0
09:13:26,2000,6230.0
09:13:27,21855,6240.0
09:13:27,1490,6240.0
09:13:27,1000,6240.0
09:13:27,10000,6240.0
09:13:27,10000,6240.0
09:13:27,820,6240.0
09:13:27,966,6240.0
09:13:27,901,6240.0
09:13:27,5070,6240.0
09:13:27,1300,6240.0
09:13:27,11598,6240.0
09:13:33,7402,6240.0
09:13:33,1800,6240.0
09:13:33,5077,6240.0
09:13:37,5000,6240.0
09:13:39,1650,6250.0
09:13:39,5000,6250.0
09:13:39,885,6250.0
09:13:39,30000,6250.0
09:13:39,2000,6250.0
09:13:39,6019,6250.0
09:13:39,10000,6250.0
09:13:39,44446,6250.0
09:13:40,5000,6240.0
09:13:40,2000,6240.0
09:13:52,3802,6240.0
09:13:53,65000,6250.0
09:13:58,20000,6250.0
09:13:58,65000,6250.0
09:14:00,15000,6240.0
09:14:04,5554,6250.0
09:14:04,5000,6250.0
09:14:04,2385,6250.0
09:14:04,52061,6250.0
09:14:08,1000,6250.0
09:14:10,65000,6250.0
09:14:12,7684,6240.0
09:14:12,2316,6240.0
09:14:14,6315,6250.0
09:14:14,1288,6250.0
09:14:14,10000,6250.0
09:14:14,49,6250.0
09:14:14,850,6250.0
09:14:14,16842,6250.0
09:14:17,824,6250.0
09:14:24,4352,6260.0
09:14:24,5000,6260.0
09:14:24,5070,6260.0
09:14:24,50000,6260.0
09:14:24,578,6260.0
09:14:28,9044,6250.0
09:14:28,4922,6260.0
09:14:28,2331,6260.0
09:14:28,16943,6260.0
09:14:28,34690,6260.0
09:14:28,2500,6260.0
09:14:28,3614,6260.0
09:14:31,4758,6260.0
09:14:31,16261,6260.0
09:14:34,3607,6260.0
09:14:34,9000,6250.0
09:14:34,2193,6250.0
09:14:34,3900,6270.0
09:14:34,50000,6270.0
09:14:34,5070,6270.0
09:14:34,6030,6270.0
09:14:39,100,6250.0
09:14:41,3617,6260.0
09:14:44,9230,6260.0
09:14:57,20000,6260.0
09:14:58,970,6270.0
09:14:58,5000,6270.0
09:14:58,1000,6280.0
09:14:58,850,6280.0
09:14:58,12500,6280.0
09:14:58,900,6280.0
09:14:58,12678,6280.0
09:14:58,2467,6280.0
09:14:58,2000,6280.0
09:14:58,5000,6280.0
09:14:58,18553,6290.0
09:14:58,138082,6290.0
09:15:02,3083,6270.0
09:15:04,8847,6270.0
09:15:04,6503,6270.0
09:15:19,61918,6290.0
09:15:19,3082,6290.0
09:15:21,1918,6290.0
09:15:21,9045,6290.0
09:15:22,156605,6280.0
09:15:23,7634,6290.0
09:15:23,41242,6290.0
09:15:23,16124,6290.0
09:15:28,3571,6280.0
09:15:30,33876,6290.0
09:15:30,10000,6290.0
09:15:41,2000,6290.0
09:15:41,19124,6290.0
09:15:48,2000,6290.0
09:16:01,1199,6290.0
09:16:01,2000,6290.0
09:16:02,11000,6290.0
09:16:07,10000,6290.0
09:16:11,19174,6290.0
09:16:15,2000,6290.0
09:16:20,17627,6290.0
09:16:20,1000,6290.0
09:16:25,2000,6290.0
09:16:25,50000,6290.0
09:16:25,2000,6290.0
09:16:29,1032,6290.0
09:16:34,9968,6290.0
09:16:37,37698,6290.0
09:16:37,27302,6290.0
09:16:43,65000,6290.0
09:16:49,65000,6290.0
09:16:53,42698,6290.0
09:16:53,1200,6290.0
09:16:53,10853,6300.0
09:16:53,5000,6300.0
09:16:53,5000,6300.0
09:16:53,881,6300.0
09:16:53,1378,6300.0
09:16:53,1353,6300.0
09:16:53,3617,6300.0
09:16:53,820,6300.0
09:16:53,7200,6300.0
09:16:55,6085,6290.0
09:16:56,2000,6290.0
09:17:01,5240,6290.0
09:17:03,51675,6290.0
09:17:04,5240,6290.0
09:17:08,12800,6300.0
09:17:08,5070,6300.0
09:17:08,47130,6300.0
09:17:11,22190,6290.0
09:17:11,25668,6290.0
09:17:11,26718,6290.0
09:17:11,111,6290.0
09:17:13,11870,6300.0
09:17:13,544,6300.0
09:17:13,684,6290.0
09:17:14,34254,6290.0
09:17:16,1968,6290.0
09:17:21,799,6300.0
09:17:22,1000,6290.0
09:17:26,3657,6300.0
09:17:26,1550,6300.0
09:17:26,647,6300.0
09:17:26,10000,6300.0
09:17:26,2534,6300.0
09:17:26,1534,6300.0
09:17:26,900,6300.0
09:17:26,1000,6300.0
09:17:26,2000,6300.0
09:17:26,5000,6300.0
09:17:26,1545,6300.0
09:17:26,7140,6300.0
09:17:26,3549,6300.0
09:17:26,5000,6300.0
09:17:26,18944,6300.0
09:17:32,6693,6300.0
09:17:32,58307,6300.0
09:17:38,21763,6300.0
09:17:38,6500,6300.0
09:17:38,36737,6300.0
09:17:44,65000,6300.0
09:17:47,806,6300.0
09:17:47,31498,6290.0
09:17:47,30828,6290.0
09:17:47,30156,6290.0
09:17:47,10000,6290.0
09:17:50,65000,6290.0
09:17:57,32518,6290.0
09:17:57,1935,6290.0
09:17:57,30547,6290.0
09:18:00,1083,6280.0
09:18:01,7400,6290.0
09:18:02,10000,6280.0
09:18:02,65000,6290.0
09:18:08,65000,6290.0
09:18:13,5000,6280.0
09:18:15,32053,6290.0
09:18:15,32947,6290.0
09:18:16,2000,6280.0
09:18:18,10034,6280.0
09:18:21,65000,6290.0
09:18:27,65000,6290.0
09:18:33,37053,6290.0
09:18:33,27947,6290.0
09:18:34,150160,6290.0
09:18:37,6335,6290.0
09:18:38,2027,6280.0
09:18:39,15558,6290.0
09:18:39,49442,6290.0
09:18:45,65000,6290.0
09:18:52,65000,6290.0
09:18:53,6335,6290.0
09:18:56,3000,6280.0
09:18:57,14223,6290.0
09:18:57,2000,6290.0
09:18:57,3000,6290.0
09:18:57,45777,6290.0
09:19:00,830,6280.0
09:19:03,4223,6290.0
09:19:03,50000,6290.0
09:19:03,10777,6290.0
09:19:10,4437,6290.0
09:19:10,10000,6290.0
09:19:10,10000,6290.0
09:19:10,1250,6290.0
09:19:10,2000,6290.0
09:19:10,1000,6290.0
09:19:15,5000,6290.0
09:19:19,5240,6290.0
09:19:21,10000,6290.0
09:19:27,8457,6300.0
09:19:27,820,6300.0
09:19:27,3000,6300.0
09:19:27,1700,6300.0
09:19:27,13000,6300.0
09:19:27,1081,6300.0
09:19:27,1000,6300.0
09:19:27,20942,6300.0
09:19:29,2900,6290.0
09:19:29,5150,6290.0
09:19:34,1950,6290.0
09:19:35,5244,6290.0
09:19:40,32138,6290.0
09:19:42,10668,6290.0
09:19:46,39332,6290.0
09:19:54,50000,6300.0
09:19:56,1663,6290.0
09:19:57,10000,6290.0
09:19:58,29058,6300.0
09:19:58,2950,6300.0
09:19:58,5000,6300.0
09:19:58,5500,6300.0
09:19:58,817,6300.0
09:19:58,4000,6300.0
09:19:58,1708,6300.0
09:19:58,967,6300.0
09:20:03,1266,6290.0
09:20:04,19033,6300.0
09:20:04,30967,6300.0
09:20:06,3000,6290.0
09:20:10,50000,6300.0
09:20:13,1500,6290.0
09:20:16,50000,6300.0
09:20:17,2571,6290.0
09:20:17,850,6290.0
09:20:22,3724,6290.0
09:20:22,5000,6290.0
09:20:22,30000,6290.0
09:20:24,10000,6290.0
09:20:31,1276,6290.0
09:20:34,2000,6290.0
09:20:35,1000,6290.0
09:20:35,49000,6300.0
09:20:40,2000,6280.0
09:20:44,802,6290.0
09:20:45,49198,6290.0
09:20:53,802,6290.0
09:20:53,2900,6290.0
09:20:54,1000,6290.0
09:20:54,45298,6290.0
09:20:54,3850,6280.0
09:20:54,15864,6280.0
09:20:54,8178,6280.0
09:20:54,1800,6280.0
09:20:54,800,6280.0
09:20:54,10893,6280.0
09:20:58,1000,6290.0
09:20:59,7138,6290.0
09:21:01,42862,6290.0
09:21:01,17138,6280.0
09:21:08,25000,6290.0
09:21:13,25000,6290.0
09:21:13,2000,6290.0
09:21:13,3000,6280.0
09:21:17,846,6290.0
09:21:17,999,6290.0
09:21:18,20033,6300.0
09:21:18,1000,6300.0
09:21:18,900,6300.0
09:21:18,1000,6300.0
09:21:18,1000,6300.0
09:21:18,1140,6300.0
09:21:18,20000,6300.0
09:21:18,2000,6300.0
09:21:18,2927,6300.0
09:21:20,800,6300.0
09:21:24,6273,6300.0
09:21:24,43727,6300.0
09:21:30,50000,6300.0
09:21:32,816,6290.0
09:21:34,900,6290.0
09:21:36,50000,6300.0
09:21:38,56273,6300.0
09:21:38,58290,6300.0
09:21:39,117408,6300.0
09:21:41,32664,6290.0
09:21:41,2312,6290.0
09:21:42,24302,6300.0
09:21:42,11694,6300.0
09:21:42,14004,6300.0
09:21:43,3000,6300.0
09:21:44,1500,6290.0
09:21:49,8354,6300.0
09:21:49,41646,6300.0
09:21:50,1000,6290.0
09:21:55,50000,6300.0
09:22:01,50000,6300.0
09:22:01,2583,6290.0
09:22:07,58354,6300.0
09:22:07,1568,6300.0
09:22:07,17854,6300.0
09:22:07,1000,6300.0
09:22:07,10000,6300.0
09:22:07,4426,6300.0
09:22:07,5000,6300.0
09:22:07,11720,6300.0
09:22:12,1000,6290.0
09:22:14,13280,6300.0
09:22:14,36720,6300.0
09:22:18,1000,6300.0
09:22:20,50000,6300.0
09:22:20,12422,6290.0
09:22:21,8280,6300.0
09:22:21,27000,6300.0
09:22:21,5855,6300.0
09:22:21,2000,6300.0
09:22:21,1000,6300.0
09:22:21,29478,6300.0
09:22:26,39864,6300.0
09:22:26,802,6300.0
09:22:26,9334,6300.0
09:22:27,10239,6300.0
09:22:27,10000,6300.0
09:22:27,11195,6300.0
09:22:27,1000,6300.0
09:22:27,5000,6300.0
09:22:27,7606,6300.0
09:22:27,18231,6300.0
09:22:29,1000,6290.0
09:22:30,539,6290.0
09:22:30,705,6290.0
09:22:30,37869,6290.0
09:22:30,9757,6290.0
09:22:30,13200,6290.0
09:22:30,51174,6290.0
09:22:31,22646,6290.0
09:22:31,9984,6290.0
09:22:31,4000,6290.0
09:22:31,850,6290.0
09:22:32,50000,6290.0
09:22:37,112520,6290.0
09:22:37,2000,6290.0
09:22:39,6000,6290.0
09:22:45,2000,6290.0
09:22:47,1769,6300.0
09:22:47,3100,6300.0
09:22:47,2000,6300.0
09:22:47,2000,6300.0
09:22:47,1250,6300.0
09:22:47,10142,6300.0
09:22:47,5000,6300.0
09:22:47,5070,6300.0
09:22:47,19669,6300.0
09:22:49,1307,6290.0
09:22:50,12359,6300.0
09:22:50,4997,6300.0
09:22:50,1602,6300.0
09:22:50,31042,6300.0
09:22:55,2000,6290.0
09:22:58,9111,6300.0
09:22:58,2000,6300.0
09:23:13,38889,6300.0
09:23:13,61249,6300.0
09:23:17,15497,6300.0
09:23:17,500,6300.0
09:23:17,960,6310.0
09:23:17,5000,6310.0
09:23:17,27043,6310.0
09:23:21,3654,6300.0
09:23:22,2051,6300.0
09:23:22,47949,6300.0
09:23:23,1394,6290.0
09:23:28,50000,6300.0
09:23:33,50000,6300.0
09:23:37,799,6300.0
09:23:40,50000,6300.0
09:23:44,1252,6300.0
09:23:44,1000,6300.0
09:23:44,9500,6300.0
09:23:44,3000,6300.0
09:23:44,1000,6300.0
09:23:46,2000,6300.0
09:23:50,1000,6300.0
09:24:02,2000,6300.0
09:24:07,26736,6300.0
09:24:07,43264,6300.0
09:24:19,20000,6310.0
09:24:20,5000,6300.0
09:24:23,2000,6310.0
09:24:30,1736,6300.0
09:24:30,800,6300.0
09:24:30,2464,6300.0
09:24:44,869,6300.0
09:24:46,836,6310.0
09:24:48,7065,6300.0
09:24:48,2935,6300.0
09:24:50,810,6310.0
09:24:50,100000,6310.0
09:24:55,10000,6310.0
09:24:58,15000,6300.0
09:25:01,10000,6310.0
09:25:11,33659,6300.0
09:25:11,44291,6300.0
09:25:12,1000,6300.0
09:25:14,904,6300.0
09:25:26,500,6300.0
09:25:26,29311,6310.0
09:25:26,10689,6310.0
09:25:28,39311,6310.0
09:25:28,10000,6310.0
09:25:28,39972,6310.0
09:25:28,800,6310.0
09:25:28,3000,6310.0
09:25:28,7894,6310.0
09:25:28,5442,6310.0
09:25:28,70000,6310.0
09:25:28,23581,6310.0
09:25:28,8677,6310.0
09:25:30,27742,6310.0
09:25:30,5000,6310.0
09:25:30,5000,6310.0
09:25:30,1000,6310.0
09:25:30,1000,6310.0
09:25:30,160258,6310.0
09:25:32,1000,6310.0
09:25:33,2000,6310.0
09:25:35,10000,6310.0
09:25:37,26742,6310.0
09:25:37,1000,6310.0
09:25:37,10000,6310.0
09:25:37,3132,6310.0
09:25:37,10000,6310.0
09:25:37,888,6310.0
09:25:37,7454,6310.0
09:25:37,826,6310.0
09:25:42,1000,6310.0
09:25:53,506,6310.0
09:26:00,1038,6320.0
09:26:00,1000,6320.0
09:26:00,7962,6320.0
09:26:01,10494,6310.0
09:26:01,850,6310.0
09:26:01,5000,6310.0
09:26:01,1914,6310.0
09:26:05,86,6310.0
09:26:05,731,6310.0
09:26:07,32,6320.0
09:26:07,1358,6320.0
09:26:08,48642,6320.0
09:26:08,10000,6320.0
09:26:08,80000,6320.0
09:26:08,19000,6320.0
09:26:14,69,6310.0
09:26:14,931,6310.0
09:26:16,1000,6310.0
09:26:17,1261,6310.0
09:26:17,10000,6310.0
09:26:17,1417,6300.0
09:26:17,51330,6300.0
09:26:17,71637,6300.0
09:26:17,57549,6300.0
09:26:17,19298,6300.0
09:26:17,186,6300.0
09:26:18,11894,6300.0
09:26:18,12662,6300.0
09:26:18,47850,6300.0
09:26:18,73721,6300.0
09:26:18,35922,6300.0
09:26:18,17298,6300.0
09:26:18,653,6300.0
09:26:19,88739,6300.0
09:26:19,81795,6300.0
09:26:19,29466,6300.0
09:26:20,39946,6300.0
09:26:20,52126,6300.0
09:26:20,51708,6300.0
09:26:20,10962,6300.0
09:26:20,20461,6300.0
09:26:20,7900,6300.0
09:26:20,16897,6300.0
09:26:26,1531,6310.0
09:26:27,1000,6310.0
09:26:40,4652,6310.0
09:26:40,20000,6310.0
09:26:40,1129,6320.0
09:26:40,5000,6320.0
09:26:40,1000,6320.0
09:26:40,16000,6320.0
09:26:40,800,6320.0
09:26:40,14476,6320.0
09:26:47,1029,6310.0
09:26:48,1971,6310.0
09:26:48,523,6310.0
09:27:00,30582,6300.0
09:27:00,3913,6300.0
09:27:09,1000,6300.0
09:27:11,5000,6310.0
09:27:13,960,6300.0
09:27:20,7000,6310.0
09:27:20,2027,6310.0
09:27:28,35524,6320.0
09:27:28,1000,6320.0
09:27:28,1000,6320.0
09:27:28,806,6320.0
09:27:28,11670,6320.0
09:27:29,1000,6310.0
09:27:31,2000,6310.0
09:27:35,105330,6320.0
09:27:35,5000,6320.0
09:27:35,2000,6320.0
09:27:35,10000,6320.0
09:27:35,10000,6320.0
09:27:35,3990,6320.0
09:27:35,63680,6320.0
09:27:35,16320,6320.0
09:27:35,1127,6320.0
09:27:35,10000,6320.0
09:27:35,4477,6320.0
09:27:35,1253,6320.0
09:27:35,113959,6320.0
09:27:35,1266,6320.0
09:27:43,1000,6320.0
09:27:48,50598,6320.0
09:27:48,149402,6320.0
09:27:50,50598,6320.0
09:27:50,149402,6320.0
09:27:54,50598,6320.0
09:27:54,149402,6320.0
09:27:56,1837,6320.0
09:28:06,25000,6320.0
09:28:08,23761,6320.0
09:28:08,76561,6320.0
09:28:12,3901,6330.0
09:28:22,46099,6330.0
09:28:22,2000,6330.0
09:28:22,11901,6330.0
09:28:26,33000,6320.0
09:28:29,1410,6330.0
09:28:31,39,6320.0
09:28:47,10000,6320.0
09:28:51,1000,6320.0
09:28:52,5000,6320.0
09:28:54,74400,6320.0
09:28:54,125600,6320.0
09:28:54,4031,6320.0
09:28:59,5000,6320.0
09:29:01,45931,6320.0
09:29:03,19438,6320.0
09:29:03,180562,6320.0
09:29:03,8000,6320.0
09:29:06,5000,6320.0
09:29:07,3200,6320.0
09:29:07,3203,6320.0
09:29:08,35,6320.0
09:29:08,1000,6320.0
09:29:08,7900,6320.0
09:29:08,50000,6320.0
09:29:09,1414,6320.0
09:29:09,10000,6310.0
09:29:09,10000,6310.0
09:29:09,10000,6310.0
09:29:09,10000,6310.0
09:29:09,868,6310.0
09:29:09,99466,6310.0
09:29:09,1000,6310.0
09:29:09,58666,6310.0
09:29:10,141334,6310.0
09:29:10,58666,6310.0
09:29:10,141334,6310.0
09:29:10,58666,6310.0
09:29:11,50000,6320.0
09:29:17,50000,6320.0
09:29:20,1000,6320.0
09:29:23,38651,6320.0
09:29:23,810,6320.0
09:29:23,10539,6320.0
09:29:30,29643,6320.0
09:29:30,4788,6320.0
09:29:30,754,6320.0
09:29:31,1006,6320.0
09:29:31,894,6320.0
09:29:40,1806,6320.0
09:29:40,3000,6320.0
09:29:40,1333,6320.0
09:29:40,1369,6320.0
09:29:41,2492,6320.0
09:29:51,2508,6320.0
09:29:51,800,6320.0
09:29:51,50000,6320.0
09:29:51,19736,6320.0
09:29:52,70000,6320.0
09:30:06,56956,6320.0
09:30:06,143044,6320.0
09:30:08,1000,6320.0
09:30:09,55956,6320.0
09:30:09,144044,6320.0
09:30:09,54573,6320.0
09:30:11,1383,6320.0
09:30:30,617,6320.0
09:30:30,4015,6320.0
09:30:30,1678,6320.0
09:30:36,2364,6320.0
09:30:38,7689,6310.0
09:30:41,6709,6310.0
09:30:42,1386,6320.0
09:30:42,1000,6320.0
09:30:42,5496,6320.0
09:30:44,1070,6320.0
09:31:02,29689,6310.0
09:31:14,13000,6310.0
09:31:15,3453,6310.0
09:31:19,10000,6310.0
09:31:25,803,6310.0
09:31:27,855,6320.0
09:31:27,69991,6310.0
09:31:27,1000,6310.0
09:31:27,79009,6310.0
09:31:27,120991,6310.0
09:31:27,29009,6310.0
09:31:29,1374,6310.0
09:31:31,5000,6310.0
09:31:32,16000,6310.0
09:31:34,17439,6310.0
09:31:45,633,6310.0
09:31:46,130545,6310.0
09:31:46,30721,6310.0
09:31:47,3617,6310.0
09:31:47,9315,6310.0
09:31:49,40000,6310.0
09:31:53,850,6310.0
09:31:55,1000,6310.0
09:31:56,1381,6310.0
09:32:01,20000,6310.0
09:32:04,6320,6310.0
09:32:06,86796,6310.0
09:32:06,797,6310.0
09:32:06,112407,6310.0
09:32:07,87593,6310.0
09:32:07,112407,6310.0
09:32:07,87593,6310.0
09:32:07,112407,6310.0
09:32:10,87593,6310.0
09:32:10,1000,6310.0
09:32:10,11407,6310.0
09:32:11,2500,6310.0
09:32:13,1000,6310.0
09:32:14,1152,6310.0
09:32:15,2579,6320.0
09:32:15,30067,6320.0
09:32:15,8941,6310.0
09:32:15,5000,6310.0
09:32:15,2000,6310.0
09:32:15,803,6310.0
09:32:15,900,6310.0
09:32:15,24473,6310.0
09:32:15,2000,6310.0
09:32:15,990,6310.0
09:32:15,1873,6300.0
09:32:15,66507,6300.0
09:32:15,67459,6300.0
09:32:15,19054,6300.0
09:32:15,15000,6310.0
09:32:16,2000,6310.0
09:32:18,20000,6310.0
09:32:20,163000,6310.0
09:32:20,37000,6310.0
09:32:24,163000,6310.0
09:32:24,37000,6310.0
09:32:27,4000,6310.0
09:32:28,159000,6310.0
09:32:28,900,6310.0
09:32:28,40100,6310.0
09:32:30,1000,6310.0
09:32:35,158900,6310.0
09:32:35,41100,6310.0
09:32:38,10000,6310.0
09:32:40,10000,6310.0
09:32:41,10431,6310.0
09:32:41,8408,6310.0
09:32:41,22818,6310.0
09:32:43,97243,6310.0
09:32:43,42324,6300.0
09:32:43,60433,6300.0
09:32:49,17579,6300.0
09:32:49,1832,6300.0
09:32:49,77580,6300.0
09:32:49,59252,6300.0
09:32:49,63168,6300.0
09:32:52,10347,6300.0
09:32:52,9653,6300.0
09:32:54,69140,6300.0
09:32:54,77218,6300.0
09:32:54,53642,6300.0
09:32:54,2000,6310.0
09:32:56,3000,6310.0
09:32:56,7280,6310.0
09:32:56,14951,6300.0
09:32:56,35049,6300.0
09:33:04,1000,6310.0
09:33:10,1775,6300.0
09:33:10,7757,6300.0
09:33:12,102,6300.0
09:33:12,531,6300.0
09:33:26,4000,6310.0
09:33:26,1000,6310.0
09:33:26,2107,6310.0
09:33:26,6473,6310.0
09:33:30,3000,6310.0
09:33:35,2399,6300.0
09:33:49,8420,6310.0
09:33:49,5070,6310.0
09:33:49,86510,6310.0
09:33:51,1566,6300.0
09:33:55,86899,6300.0
09:33:55,28461,6300.0
09:33:55,63434,6300.0
09:33:55,21206,6300.0
09:33:55,15790,6310.0
09:33:57,4000,6300.0
09:33:58,29795,6300.0
09:33:58,75824,6300.0
09:33:58,73156,6300.0
09:33:58,21225,6300.0
09:34:03,1600,6310.0
09:34:04,2534,6300.0
09:34:13,1000,6300.0
09:34:16,209,6300.0
09:34:19,7648,6300.0
09:34:19,11131,6300.0
09:34:19,5073,6300.0
09:34:23,3235,6300.0
09:34:28,5133,6300.0
09:34:38,50000,6300.0
09:34:44,25310,6300.0
09:34:44,61898,6300.0
09:34:44,86113,6300.0
09:34:44,26679,6300.0
09:34:50,10000,6300.0
09:34:54,1000,6300.0
09:35:12,57401,6300.0
09:35:12,55903,6300.0
09:35:12,86696,6300.0
09:35:16,2000,6300.0
09:35:17,400,6300.0
09:35:19,10763,6300.0
09:35:19,27936,6300.0
09:35:19,77548,6300.0
09:35:19,31896,6300.0
09:35:19,51857,6300.0
09:35:23,20000,6300.0
09:35:25,3138,6300.0
09:35:26,17574,6300.0
09:35:26,2426,6300.0
09:35:27,67711,6300.0
09:35:27,53800,6300.0
09:35:27,5110,6300.0
09:35:29,1813,6300.0
09:35:31,1000,6300.0
09:35:34,50000,6300.0
09:35:36,3944,6300.0
09:35:36,46056,6300.0
09:35:37,23874,6300.0
09:35:37,21555,6300.0
09:35:37,4571,6300.0
09:35:38,50000,6300.0
09:35:39,20000,6300.0
09:35:39,107,6300.0
09:35:39,31494,6300.0
09:35:39,18399,6300.0
09:35:47,19263,6300.0
09:35:47,30737,6300.0
09:35:48,15789,6300.0
09:35:50,1000,6300.0
09:35:51,15000,6300.0
09:35:51,15000,6300.0
09:35:51,2000,6300.0
09:35:53,5971,6300.0
09:35:53,94221,6300.0
09:35:53,21854,6300.0
09:35:53,21349,6300.0
09:35:53,52609,6300.0
09:35:53,3996,6300.0
09:35:56,20000,6300.0
09:35:56,3295,6300.0
09:36:00,20000,6300.0
09:36:00,5000,6310.0
09:36:06,1000,6300.0
09:36:13,1000,6300.0
09:36:17,20000,6300.0
09:36:25,9606,6300.0
09:36:25,47436,6300.0
09:36:25,8280,6300.0
09:36:25,2359,6300.0
09:36:25,22235,6300.0
09:36:25,33600,6300.0
09:36:25,26484,6300.0
09:36:28,2389,6300.0
09:36:28,1611,6300.0
09:36:30,10000,6300.0
09:36:36,1550,6310.0
09:36:40,20000,6300.0
09:36:40,12655,6300.0
09:36:40,1000,6300.0
09:36:47,7451,6300.0
09:36:47,12549,6300.0
09:36:47,1799,6300.0
09:36:54,3000,6300.0
09:36:58,900,6310.0
09:36:59,24642,6300.0
09:36:59,7358,6300.0
09:37:02,20000,6300.0
09:37:10,30000,6300.0
09:37:15,813,6300.0
09:37:15,5367,6300.0
09:37:15,85324,6300.0
09:37:15,7387,6300.0
09:37:15,2067,6300.0
09:37:16,1000,6300.0
09:37:17,22177,6300.0
09:37:17,9578,6300.0
09:37:17,16298,6300.0
09:37:21,1000,6310.0
09:37:21,23030,6300.0
09:37:22,4000,6300.0
09:37:23,37795,6300.0
09:37:23,4173,6300.0
09:37:23,58032,6300.0
09:37:26,1000,6300.0
09:37:32,33349,6300.0
09:37:32,16651,6300.0
09:37:35,2083,6300.0
09:37:35,2917,6300.0
09:37:35,1000,6300.0
09:37:47,2000,6300.0
09:37:49,4000,6300.0
09:37:51,1951,6300.0
09:37:51,31023,6300.0
09:37:51,18977,6300.0
09:37:51,5000,6300.0
09:37:51,48802,6300.0
09:37:51,1000,6300.0
09:37:51,198,6300.0
09:37:52,602,6300.0
09:37:52,398,6300.0
09:37:52,4000,6300.0
09:37:53,10000,6300.0
09:37:53,10000,6310.0
09:37:54,1102,6300.0
09:37:54,2898,6300.0
09:37:55,10765,6300.0
09:37:55,7819,6300.0
09:37:55,1581,6300.0
09:37:55,29835,6300.0
09:37:55,6253,6300.0
09:37:56,3447,6300.0
09:37:56,553,6300.0
09:37:58,3500,6300.0
09:37:59,691,6300.0
09:37:59,800,6300.0
09:37:59,2000,6300.0
09:37:59,1509,6300.0
09:38:06,491,6300.0
09:38:06,75500,6300.0
09:38:06,1000,6300.0
09:38:06,4000,6300.0
09:38:06,1000,6300.0
09:38:06,10000,6300.0
09:38:06,1186,6300.0
09:38:06,1105,6300.0
09:38:06,851,6300.0
09:38:24,15214,6290.0
09:38:33,4786,6290.0
09:38:33,807,6290.0
09:38:33,1600,6290.0
09:38:36,400,6290.0
09:38:36,891,6290.0
09:38:36,1000,6290.0
09:38:36,7851,6290.0
09:38:38,13500,6290.0
09:38:54,3549,6290.0
09:38:57,1000,6290.0
09:38:58,633,6290.0
09:39:10,4100,6290.0
09:39:18,892,6290.0
09:39:20,1400,6290.0
09:39:29,17075,6290.0
09:39:29,3553,6290.0
09:39:33,900,6300.0
09:39:34,1000,6290.0
09:39:36,6741,6290.0
09:39:39,850,6290.0
09:39:40,2000,6290.0
09:39:42,126790,6290.0
09:39:50,3577,6290.0
09:39:54,4744,6300.0
09:40:00,6000,6290.0
09:40:08,3600,6300.0
09:40:12,1628,6290.0
09:40:27,9219,6290.0
09:40:29,10000,6290.0
09:40:40,1000,6290.0
09:40:43,8000,6290.0
09:40:44,19642,6290.0
09:40:44,180358,6290.0
09:40:50,1350,6300.0
09:40:54,12805,6290.0
09:40:54,6837,6290.0
09:40:54,8163,6290.0
09:40:58,8438,6290.0
09:41:01,15446,6290.0
09:41:02,19248,6290.0
09:41:10,148705,6290.0
09:41:10,51295,6290.0
09:41:22,12807,6290.0
09:41:25,7416,6290.0
09:41:33,5000,6290.0
09:41:48,5000,6290.0
09:41:53,126,6290.0
09:42:00,5056,6300.0
09:42:01,1604,6290.0
09:42:08,267,6290.0
09:42:39,1000,6290.0
09:42:41,5000,6290.0
09:42:49,80000,6290.0
09:43:05,30485,6290.0
09:43:05,19515,6290.0
09:43:12,10308,6290.0
09:43:26,1000,6300.0
09:43:27,1000,6290.0
09:43:34,15000,6290.0
09:43:36,1000,6300.0
09:43:49,20000,6290.0
09:43:50,1580,6300.0
09:43:52,50717,6290.0
09:43:52,1000,6290.0
09:44:02,82460,6290.0
09:44:02,1000,6290.0
09:44:02,800,6290.0
09:44:02,1350,6290.0
09:44:02,1000,6290.0
09:44:02,113390,6290.0
09:44:05,28371,6290.0
09:44:05,810,6290.0
09:44:05,5860,6290.0
09:44:32,1000,6290.0
09:44:32,2222,6280.0
09:44:32,429,6280.0
09:44:40,1005,6280.0
09:44:40,4000,6280.0
09:44:40,2385,6280.0
09:44:40,1348,6280.0
09:44:40,2098,6280.0
09:44:42,8362,6280.0
09:44:46,825,6290.0
09:44:46,5831,6280.0
09:44:52,1661,6280.0
09:44:54,1587,6290.0
09:45:07,3876,6290.0
09:45:08,1500,6280.0
09:45:12,8165,6280.0
09:45:12,1492,6280.0
09:45:19,1240,6290.0
09:45:22,1000,6280.0
09:45:23,44000,6280.0
09:45:27,11848,6280.0
09:45:32,2900,6280.0
09:45:38,12007,6280.0
09:45:49,15000,6290.0
09:45:49,1000,6280.0
09:45:51,6082,6280.0
09:45:51,3998,6280.0
09:45:53,60102,6280.0
09:45:53,26543,6280.0
09:45:53,35190,6280.0
09:45:53,4810,6280.0
09:46:04,5000,6280.0
09:46:08,20000,6290.0
09:46:11,1608,6280.0
09:46:24,4000,6280.0
09:46:32,31906,6280.0
09:46:32,15779,6280.0
09:46:32,38399,6280.0
09:46:32,13603,6280.0
09:46:32,40697,6280.0
09:46:35,193,6290.0
09:46:49,1000,6280.0
09:46:55,34026,6280.0
09:46:55,20046,6280.0
09:46:55,25928,6280.0
09:47:02,533,6280.0
09:47:13,1000,6280.0
09:47:14,1000,6280.0
09:47:20,4397,6280.0
09:47:27,506,6280.0
09:47:27,10000,6280.0
09:47:32,1531,6280.0
09:47:34,6340,6290.0
09:47:43,1200,6280.0
09:47:45,10000,6280.0
09:47:57,950,6290.0
09:48:06,31678,6290.0
09:48:21,2000,6290.0
09:48:23,944,6280.0
09:48:30,2633,6280.0
09:48:32,1582,6290.0
09:48:33,391,6280.0
09:48:51,3849,6280.0
09:49:03,7200,6280.0
09:49:04,7116,6280.0
09:49:04,673,6280.0
09:49:04,3327,6280.0
09:49:07,70360,6280.0
09:49:07,20534,6280.0
09:49:07,62891,6280.0
09:49:07,46215,6280.0
09:49:08,2000,6290.0
09:49:10,640,6280.0
09:49:11,1000,6280.0
09:49:12,10000,6280.0
09:49:23,1444,6290.0
09:49:25,7919,6290.0
09:49:26,10000,6280.0
09:49:41,804,6280.0
09:49:45,850,6290.0
09:49:45,605,6280.0
09:50:04,1150,6280.0
09:50:09,1000,6280.0
09:50:13,5000,6290.0
09:50:24,12932,6280.0
09:50:24,6105,6280.0
09:50:29,20000,6280.0
09:50:34,1000,6280.0
09:50:34,5555,6280.0
09:50:35,800,6290.0
09:50:35,4044,6280.0
09:50:37,1627,6280.0
09:50:47,368,6280.0
09:50:55,49785,6280.0
09:50:55,70215,6280.0
09:50:56,4000,6290.0
09:50:58,5806,6280.0
09:51:13,17316,6280.0
09:51:13,40734,6280.0
09:51:13,92483,6280.0
09:51:13,43637,6280.0
09:51:13,5830,6280.0
09:51:14,1077,6290.0
09:51:19,2280,6280.0
09:51:20,4000,6280.0
09:51:23,4150,6280.0
09:51:32,1000,6290.0
09:51:34,6349,6280.0
09:51:50,2416,6280.0
09:51:51,26077,6280.0
09:51:51,10886,6280.0
09:51:51,20505,6280.0
09:51:51,45870,6280.0
09:51:51,66348,6280.0
09:51:51,30314,6280.0
09:52:10,1000,6280.0
09:52:23,1000,6290.0
09:52:33,1200,6290.0
09:52:51,830,6290.0
09:52:53,10000,6280.0
09:52:55,30000,6280.0
09:53:01,4000,6290.0
09:53:06,4000,6280.0
09:53:08,10523,6280.0
09:53:08,49386,6280.0
09:53:08,40091,6280.0
09:53:22,23658,6280.0
09:53:22,14773,6280.0
09:53:24,5143,6290.0
09:53:25,16402,6280.0
09:53:25,1681,6280.0
09:53:28,1055,6280.0
09:53:31,3000,6280.0
09:53:33,42425,6290.0
09:53:33,1000,6290.0
09:53:33,16575,6290.0
09:53:34,809,6280.0
09:53:50,1000,6280.0
09:53:52,10000,6280.0
09:53:53,1000,6280.0
09:54:04,19000,6290.0
09:54:06,14000,6280.0
09:54:10,10000,6280.0
09:54:13,1000,6280.0
09:54:14,30000,6280.0
09:54:30,19114,6280.0
09:54:30,91735,6280.0
09:54:30,89151,6280.0
09:54:33,2000,6280.0
09:54:37,7749,6280.0
09:54:37,2251,6280.0
09:54:40,1500,6280.0
09:54:40,3022,6280.0
09:54:56,12678,6280.0
09:55:05,21593,6280.0
09:55:05,26057,6280.0
09:55:22,1433,6280.0
09:55:22,4957,6280.0
09:55:22,8610,6280.0
09:55:28,1774,6280.0
09:55:34,1852,6280.0
09:55:34,29,6280.0
09:55:34,5000,6280.0
09:55:40,1950,6290.0
09:55:50,759,6280.0
09:55:56,11500,6280.0
09:55:56,1583,6290.0
09:55:57,24904,6280.0
09:55:57,54309,6280.0
09:55:57,20787,6280.0
09:56:20,1012,6280.0
09:56:20,2000,6280.0
09:56:22,3681,6280.0
09:56:32,1060,6290.0
09:56:32,1089,6280.0
09:56:35,1000,6280.0
09:56:38,2000,6290.0
09:56:39,10000,6290.0
09:56:42,6623,6280.0
09:56:44,1000,6290.0
09:56:44,50086,6280.0
09:56:44,49914,6280.0
09:56:52,1021,6290.0
09:56:54,12000,6280.0
09:56:55,29258,6280.0
09:56:55,18602,6280.0
09:57:08,1808,6280.0
09:57:18,80000,6290.0
09:57:20,1461,6280.0
09:57:20,13034,6280.0
09:57:21,30000,6280.0
09:57:30,3167,6290.0
09:57:38,33939,6280.0
09:57:38,66061,6280.0
09:57:39,3802,6280.0
09:57:42,5000,6280.0
09:57:47,2031,6290.0
09:58:11,1500,6280.0
09:58:13,2534,6280.0
09:58:24,1615,6280.0
09:58:27,6000,6280.0
09:58:30,1400,6280.0
09:58:33,11771,6280.0
09:58:33,55760,6280.0
09:58:33,72469,6280.0
09:58:39,8100,6280.0
09:58:40,17449,6280.0
09:58:40,38572,6280.0
09:58:40,26073,6280.0
09:58:40,52906,6280.0
09:58:44,2077,6290.0
09:58:48,1604,6280.0
09:58:51,28846,6280.0
09:58:51,34216,6280.0
09:58:51,36938,6280.0
09:58:55,1000,6290.0
09:59:06,400,6280.0
09:59:16,10000,6280.0
09:59:22,9000,6280.0
09:59:26,607,6280.0
09:59:27,24906,6280.0
09:59:27,1954,6280.0
09:59:34,2447,6290.0
09:59:50,88957,6280.0
09:59:50,61043,6280.0
09:59:51,795,6290.0
09:59:54,2000,6280.0
09:59:59,795,6290.0
10:00:09,2000,6290.0
10:00:10,1743,6280.0
10:00:10,72320,6280.0
10:00:10,21010,6280.0
10:00:10,48815,6280.0
10:00:10,56112,6280.0
10:00:13,10793,6280.0
10:00:13,53488,6280.0
10:00:13,19331,6280.0
10:00:13,98391,6280.0
10:00:13,17997,6280.0
10:00:15,76714,6280.0
10:00:15,48868,6280.0
10:00:15,65383,6280.0
10:00:15,9035,6280.0
10:00:26,2000,6280.0
10:00:35,3340,6280.0
10:00:45,53662,6280.0
10:00:45,52392,6280.0
10:00:45,11523,6280.0
10:00:45,9262,6280.0
10:00:45,34187,6280.0
10:00:45,38974,6280.0
10:00:50,29181,6280.0
10:00:50,81290,6280.0
10:00:50,89529,6280.0
10:00:55,1000,6280.0
10:00:55,7665,6280.0
10:00:55,11383,6280.0
10:00:55,72943,6280.0
10:00:55,18176,6280.0
10:00:55,42293,6280.0
10:00:55,47540,6280.0
10:01:00,50138,6280.0
10:01:00,56003,6280.0
10:01:00,43859,6280.0
10:01:00,21548,6280.0
10:01:00,14089,6280.0
10:01:00,1500,6280.0
10:01:03,5676,6280.0
10:01:06,11900,6280.0
10:01:07,44746,6280.0
10:01:07,5254,6280.0
10:01:12,6236,6280.0
10:01:13,12100,6290.0
10:01:19,20613,6290.0
10:01:21,4500,6280.0
10:01:27,596,6290.0
10:01:32,3000,6290.0
10:01:33,696,6280.0
10:01:35,32536,6280.0
10:01:35,6425,6280.0
10:01:35,980,6280.0
10:01:35,1000,6280.0
10:01:35,1100,6280.0
10:01:35,3172,6280.0
10:01:35,3994,6280.0
10:01:35,825,6280.0
10:01:35,1647,6280.0
10:01:35,809,6280.0
10:01:35,1000,6280.0
10:01:35,1609,6280.0
10:01:35,1234,6280.0
10:01:35,3000,6280.0
10:01:35,7550,6280.0
10:01:35,1266,6280.0
10:01:35,1574,6280.0
10:01:35,30000,6280.0
10:01:35,2000,6280.0
10:01:35,98279,6280.0
10:01:37,5500,6290.0
10:01:38,800,6290.0
10:01:40,1500,6280.0
10:01:45,1,6280.0
10:01:52,1000,6280.0
10:01:54,58220,6280.0
10:01:54,800,6280.0
10:01:54,2500,6280.0
10:01:54,809,6280.0
10:01:54,1037,6280.0
10:01:54,3628,6280.0
10:01:54,43,6280.0
10:01:54,1000,6280.0
10:01:55,10000,6280.0
10:02:05,2500,6280.0
10:02:10,2844,6270.0
10:02:13,1000,6280.0
10:02:19,5000,6270.0
10:02:22,2000,6280.0
10:02:32,50000,6270.0
10:02:39,142156,6270.0
10:02:39,2800,6270.0
10:02:39,1914,6270.0
10:02:39,8029,6270.0
10:02:39,1000,6270.0
10:02:39,1350,6270.0
10:02:39,1280,6270.0
10:02:39,803,6270.0
10:02:39,1200,6270.0
10:02:39,810,6270.0
10:02:39,9220,6270.0
10:02:39,1191,6270.0
10:02:39,5422,6270.0
10:02:39,20000,6270.0
10:02:39,1000,6270.0
10:02:39,1825,6270.0
10:02:44,5000,6280.0
10:02:57,5531,6280.0
10:03:02,4000,6280.0
10:03:04,5070,6270.0
10:03:06,3000,6270.0
10:03:17,759,6270.0
10:03:36,1031,6280.0
10:03:48,5235,6270.0
10:03:48,4765,6270.0
10:04:03,2877,6270.0
10:04:03,2358,6270.0
10:04:03,807,6270.0
10:04:03,16835,6270.0
10:04:39,5578,6270.0
10:04:51,17587,6270.0
10:04:51,1770,6270.0
10:04:51,832,6270.0
10:05:24,5600,6270.0
10:05:31,3754,6270.0
10:05:37,1000,6260.0
10:05:39,82371,6260.0
10:05:39,94782,6260.0
10:05:39,22847,6260.0
10:05:41,10000,6260.0
10:05:53,10000,6270.0
10:05:56,3000,6270.0
10:06:02,900,6260.0
10:06:04,4457,6270.0
10:06:04,543,6270.0
10:06:04,7970,6270.0
10:06:04,23868,6260.0
10:06:05,3935,6260.0
10:06:05,65,6260.0
10:06:15,3142,6260.0
10:06:31,1588,6270.0
10:06:34,3527,6260.0
10:06:34,2114,6260.0
10:06:41,850,6260.0
10:07:04,10534,6260.0
10:07:04,28616,6260.0
10:07:05,813,6260.0
10:07:08,41178,6260.0
10:07:08,29601,6260.0
10:07:08,13067,6260.0
10:07:08,10128,6260.0
10:07:08,26039,6260.0
10:07:08,58175,6260.0
10:07:08,21812,6260.0
10:07:10,1025,6260.0
10:07:10,15095,6260.0
10:07:19,2000,6260.0
10:07:23,17156,6260.0
10:07:23,37844,6260.0
10:07:33,2031,6260.0
10:07:44,51029,6260.0
10:07:44,26348,6260.0
10:07:44,12623,6260.0
10:07:50,1588,6270.0
10:08:00,810,6270.0
10:08:09,800,6260.0
10:08:12,80599,6260.0
10:08:17,107,6260.0
10:08:17,2452,6260.0
10:08:29,6129,6260.0
10:08:30,16522,6260.0
10:08:44,7501,6270.0
10:08:44,2499,6270.0
10:08:57,5000,6270.0
10:09:01,22805,6260.0
10:09:01,25335,6260.0
10:09:01,51832,6260.0
10:09:01,13814,6260.0
10:09:10,8000,6270.0
10:09:10,4501,6270.0
10:09:10,8623,6270.0
10:09:10,734,6270.0
10:09:10,904,6270.0
10:09:10,3802,6270.0
10:09:10,1436,6270.0
10:09:13,4000,6260.0
10:09:15,2654,6260.0
10:09:23,616,6260.0
10:09:24,2000,6260.0
10:09:34,4496,6270.0
10:09:43,10034,6270.0
10:09:43,1808,6270.0
10:09:43,15158,6270.0
10:09:49,5000,6260.0
10:09:59,44045,6260.0
10:09:59,59029,6260.0
10:09:59,15156,6260.0
10:09:59,8391,6260.0
10:10:00,11962,6270.0
10:10:00,1665,6270.0
10:10:02,1000,6260.0
10:10:24,20000,6260.0
10:10:25,3000,6270.0
10:10:27,3924,6270.0
10:10:28,20000,6270.0
10:10:32,1949,6270.0
10:10:35,1440,6260.0
10:10:35,1560,6260.0
10:10:35,20000,6270.0
10:10:40,12785,6270.0
10:10:40,7215,6270.0
10:10:40,4124,6260.0
10:10:45,89875,6260.0
10:10:45,6478,6260.0
10:10:51,20000,6270.0
10:10:55,4954,6260.0
10:10:57,13786,6260.0
10:10:57,44622,6260.0
10:11:02,12132,6270.0
10:11:02,7868,6270.0
10:11:13,12132,6270.0
10:11:13,5070,6270.0
10:11:13,2798,6270.0
10:11:15,7100,6270.0
10:11:25,20000,6270.0
10:11:32,32661,6270.0
10:11:32,1765,6270.0
10:11:32,10000,6270.0
10:11:32,100901,6280.0
10:11:32,54673,6280.0
10:11:37,145327,6280.0
10:11:37,3000,6280.0
10:11:37,2000,6280.0
10:11:37,49673,6280.0
10:11:40,150327,6280.0
10:11:40,27959,6280.0
10:11:40,5000,6280.0
10:11:40,16714,6280.0
10:11:43,33286,6280.0
10:11:43,2000,6280.0
10:11:43,2098,6280.0
10:11:43,888,6280.0
10:11:43,5000,6280.0
10:11:43,10000,6280.0
10:11:43,100000,6280.0
10:11:50,2000,6280.0
10:11:55,44728,6280.0
10:11:55,55272,6280.0
10:12:01,4000,6280.0
10:12:07,1000,6280.0
10:12:14,5576,6280.0
10:12:27,7000,6280.0
10:12:32,13700,6280.0
10:12:36,10000,6280.0
10:12:47,1023,6280.0
10:12:59,1400,6280.0
10:13:00,8890,6290.0
10:13:00,1110,6290.0
10:13:05,8317,6280.0
10:13:24,92712,6280.0
10:13:24,7288,6280.0
10:13:30,12712,6280.0
10:13:30,7288,6280.0
10:13:37,23334,6280.0
10:13:46,1,6280.0
10:13:47,2000,6290.0
10:13:53,2000,6280.0
10:14:03,876,6290.0
10:14:10,30000,6280.0
10:14:12,2000,6280.0
10:14:21,2094,6290.0
10:14:23,1,6280.0
10:14:26,1762,6290.0
10:14:48,1612,6280.0
10:14:56,16366,6290.0
10:15:20,1300,6290.0
10:15:20,1157,6280.0
10:15:22,2000,6280.0
10:15:24,7537,6290.0
10:15:37,2000,6290.0
10:15:42,2000,6290.0
10:15:46,130607,6280.0
10:15:46,69312,6280.0
10:15:54,23919,6290.0
10:16:09,855,6290.0
10:16:15,7919,6290.0
10:16:23,2078,6290.0
10:16:25,1336,6290.0
10:16:31,11221,6280.0
10:16:45,1834,6280.0
10:16:53,28845,6290.0
10:16:55,1000,6280.0
10:17:05,3000,6280.0
10:17:17,5808,6280.0
10:17:25,4006,6280.0
10:17:28,30428,6280.0
10:17:28,6595,6280.0
10:17:36,3208,6280.0
10:17:51,2492,6280.0
10:17:53,61096,6280.0
10:17:53,138904,6280.0
10:17:57,54994,6280.0
10:17:59,900,6280.0
10:18:03,830,6280.0
10:18:15,804,6280.0
10:18:17,951,6290.0
10:18:20,3568,6280.0
10:18:20,6432,6280.0
10:18:22,1000,6280.0
10:18:25,5000,6290.0
10:18:29,10000,6290.0
10:18:31,100000,6280.0
10:18:33,40927,6280.0
10:18:38,1500,6280.0
10:18:40,800,6290.0
10:18:50,9149,6280.0
10:18:54,7764,6280.0
10:18:56,66112,6290.0
10:19:13,2000,6290.0
10:19:20,20000,6280.0
10:19:22,978,6280.0
10:19:29,1900,6280.0
10:19:45,7957,6280.0
10:19:53,2393,6280.0
10:19:53,1107,6280.0
10:19:54,53126,6280.0
10:19:54,4000,6280.0
10:19:54,13140,6290.0
10:19:54,1000,6290.0
10:19:54,10845,6290.0
10:20:12,29163,6280.0
10:20:12,5000,6290.0
10:20:20,23000,6280.0
10:20:33,76000,6280.0
10:20:47,13604,6280.0
10:20:47,20000,6280.0
10:20:47,166396,6280.0
10:20:52,800,6290.0
10:20:53,30456,6290.0
10:20:54,33604,6280.0
10:20:54,166396,6280.0
10:20:57,2000,6290.0
10:21:02,10000,6280.0
10:21:05,23604,6280.0
10:21:05,12573,6280.0
10:21:06,1000,6290.0
10:21:14,10000,6280.0
10:21:16,1808,6280.0
10:21:22,1024,6280.0
10:21:26,900,6280.0
10:21:29,67073,6280.0
10:21:34,106622,6280.0
10:21:34,93378,6280.0
10:21:37,1000,6280.0
10:21:41,10000,6280.0
10:21:44,999,6290.0
10:21:51,26506,6290.0
10:22:06,1900,6280.0
10:22:22,1600,6280.0
10:22:39,1808,6280.0
10:22:41,800,6290.0
10:22:45,90314,6280.0
10:22:45,3150,6280.0
10:22:45,1000,6280.0
10:22:45,105536,6280.0
10:22:47,84464,6280.0
10:22:47,2000,6280.0
10:22:47,800,6280.0
10:22:47,12736,6280.0
10:22:57,794,6290.0
10:23:21,7264,6280.0
10:23:21,461,6280.0
10:23:25,9040,6290.0
10:23:33,1539,6280.0
10:23:33,826,6280.0
10:23:33,3945,6280.0
10:23:35,2000,6280.0
10:23:38,8669,6290.0
10:23:39,4055,6280.0
10:23:39,1670,6280.0
10:23:39,3275,6280.0
10:23:41,16725,6280.0
10:23:43,9000,6280.0
10:23:48,16000,6280.0
10:23:49,2906,6280.0
10:23:49,1000,6290.0
10:23:51,146525,6280.0
10:23:58,1884,6280.0
10:24:02,3100,6280.0
10:24:05,15000,6280.0
10:24:06,5585,6280.0
10:24:06,20000,6280.0
10:24:06,6415,6280.0
10:24:12,1000,6280.0
10:24:18,2000,6280.0
10:24:20,2000,6280.0
10:24:20,9044,6280.0
10:24:22,1743,6280.0
10:24:22,25116,6290.0
10:24:27,5000,6280.0
10:24:37,2830,6280.0
10:24:37,12000,6290.0
10:24:53,9000,6280.0
10:24:53,5184,6280.0
10:24:56,64975,6290.0
10:24:56,8192,6290.0
10:25:04,18475,6280.0
10:25:04,137309,6280.0
10:25:04,62691,6280.0
10:25:14,200,6280.0
10:25:18,1860,6280.0
10:25:18,84508,6280.0
10:25:20,11289,6280.0
10:25:20,5800,6280.0
10:25:32,2000,6290.0
10:25:33,2454,6280.0
10:25:55,31198,6280.0
10:25:55,68802,6280.0
10:25:59,131198,6280.0
10:25:59,68802,6280.0
10:26:06,1088,6280.0
10:26:08,67932,6280.0
10:26:10,3172,6290.0
10:26:18,2534,6280.0
10:26:22,59644,6280.0
10:26:22,15864,6280.0
10:26:22,20000,6280.0
10:26:22,4492,6280.0
10:26:24,508,6280.0
10:26:24,4759,6280.0
10:26:25,6333,6280.0
10:26:39,1500,6280.0
10:26:40,10264,6280.0
10:26:42,1903,6280.0
10:26:42,12000,6280.0
10:26:45,800,6280.0
10:26:47,20000,6280.0
10:26:51,903,6280.0
10:26:52,20000,6280.0
10:26:54,3263,6270.0
10:26:54,6737,6270.0
10:26:54,24841,6270.0
10:26:58,20000,6280.0
10:27:04,20000,6280.0
10:27:09,4394,6280.0
10:27:09,15606,6280.0
10:27:15,20000,6280.0
10:27:21,20000,6280.0
10:27:22,6145,6280.0
10:27:26,20000,6280.0
10:27:32,20000,6280.0
10:27:34,3700,6270.0
10:27:38,20000,6280.0
10:27:44,20000,6280.0
10:27:49,20000,6280.0
10:27:55,8249,6280.0
10:27:55,3172,6280.0
10:27:55,1000,6280.0
10:27:55,7579,6280.0
10:28:01,2421,6280.0
10:28:01,9509,6280.0
10:28:01,8070,6280.0
10:28:07,20000,6280.0
10:28:12,20000,6280.0
10:28:13,32000,6280.0
10:28:16,19128,6270.0
10:28:16,805,6270.0
10:28:16,10000,6270.0
10:28:16,2100,6270.0
10:28:16,1000,6270.0
10:28:16,1000,6270.0
10:28:16,47749,6270.0
10:28:16,16000,6270.0
10:28:19,2000,6280.0
10:28:39,4940,6270.0
10:28:46,20000,6280.0
10:28:50,2500,6270.0
10:29:11,70,6270.0
10:29:15,10135,6270.0
10:29:25,6448,6280.0
10:29:25,7295,6270.0
10:29:33,805,6270.0
10:29:33,15214,6270.0
10:29:41,3981,6270.0
10:29:43,1019,6270.0
10:30:01,20000,6280.0
10:30:04,1600,6280.0
10:30:05,20000,6280.0
10:30:11,20000,6280.0
10:30:17,20000,6280.0
10:30:20,1300,6270.0
10:30:22,9882,6280.0
10:30:22,5070,6280.0
10:30:22,808,6280.0
10:30:22,4240,6280.0
10:30:24,3722,6280.0
10:30:24,7959,6280.0
10:30:24,13016,6280.0
10:30:28,9361,6280.0
10:30:28,10639,6280.0
10:30:34,4361,6280.0
10:30:34,2000,6280.0
10:30:34,13639,6280.0
10:30:39,20000,6280.0
10:30:45,20000,6280.0
10:30:51,20000,6280.0
10:30:56,20000,6280.0
10:30:57,5247,6270.0
10:31:02,20000,6280.0
10:31:03,20000,6270.0
10:31:08,20000,6280.0
10:31:14,20000,6280.0
10:31:14,1394,6270.0
10:31:19,20000,6280.0
10:31:25,20000,6280.0
10:31:31,6361,6280.0
10:31:31,1912,6280.0
10:31:31,11727,6280.0
10:31:37,20000,6280.0
10:31:41,1600,6280.0
10:31:42,4651,6280.0
10:31:42,4500,6280.0
10:31:42,8238,6280.0
10:31:42,2611,6280.0
10:31:42,850,6280.0
10:31:48,20000,6280.0
10:31:53,20000,6280.0
10:31:59,15221,6270.0
10:31:59,18791,6280.0
10:31:59,1209,6280.0
10:32:05,2007,6280.0
10:32:05,1000,6280.0
10:32:05,16993,6280.0
10:32:10,20000,6280.0
10:32:16,20000,6280.0
10:32:17,45900,6270.0
10:32:21,4900,6270.0
10:32:21,6500,6280.0
10:32:21,24912,6280.0
10:32:22,20000,6280.0
10:32:27,6202,6270.0
10:32:27,3798,6270.0
10:32:28,20000,6280.0
10:32:30,5000,6270.0
10:32:30,978,6270.0
10:32:30,1390,6270.0
10:32:30,873,6270.0
10:32:33,20000,6270.0
10:32:38,274,6270.0
10:32:54,916,6270.0
10:32:54,20000,6270.0
10:33:00,7070,6270.0
10:33:00,12930,6270.0
10:33:04,1600,6270.0
10:33:06,841,6270.0
10:33:17,20000,6280.0
10:33:20,1000,6270.0
10:33:20,1091,6270.0
10:33:22,5945,6270.0
10:33:24,3219,6270.0
10:33:40,20000,6280.0
10:33:41,10000,6270.0
10:33:44,2464,6270.0
10:33:44,8000,6270.0
10:33:52,2293,6270.0
10:33:59,2808,6270.0
10:34:00,1289,6270.0
10:34:02,15513,6280.0
10:34:05,1000,6270.0
10:34:06,16082,6280.0
10:34:06,3918,6280.0
10:34:11,20000,6280.0
10:34:17,20000,6280.0
10:34:23,20000,6280.0
10:34:28,20000,6280.0
10:34:29,3700,6270.0
10:34:34,5318,6270.0
10:34:34,7996,6270.0
10:34:35,8500,6280.0
10:34:49,6686,6270.0
10:34:55,20000,6270.0
10:34:55,9491,6270.0
10:34:55,3485,6270.0
10:35:01,20000,6280.0
10:35:07,20000,6280.0
10:35:07,1266,6270.0
10:35:12,20000,6280.0
10:35:13,74048,6270.0
10:35:13,800,6270.0
10:35:18,20000,6270.0
10:35:21,1125,6270.0
10:35:23,806,6260.0
10:35:23,20000,6270.0
10:35:27,850,6270.0
10:35:28,7605,6260.0
10:35:29,20000,6270.0
10:35:35,2500,6270.0
10:35:35,20000,6270.0
10:35:41,20000,6270.0
10:35:46,20000,6270.0
10:35:50,677,6270.0
10:35:50,323,6270.0
10:35:52,12425,6270.0
10:35:52,1500,6270.0
10:35:52,3358,6270.0
10:35:59,905,6270.0
10:36:08,1812,6270.0
10:36:13,16658,6270.0
10:36:17,2000,6270.0
10:36:21,351,6270.0
10:36:39,991,6270.0
10:36:41,1600,6260.0
10:36:45,1009,6270.0
10:36:47,10000,6270.0
10:37:02,20000,6280.0
10:37:06,20000,6280.0
10:37:11,759,6270.0
10:37:12,7582,6280.0
10:37:12,1000,6280.0
10:37:12,5000,6280.0
10:37:12,6418,6280.0
10:37:12,2800,6270.0
10:37:18,20000,6280.0
10:37:23,20000,6280.0
10:37:27,5500,6270.0
10:37:28,2000,6270.0
10:37:28,1000,6270.0
10:37:29,20000,6280.0
10:37:31,21487,6270.0
10:37:35,20000,6270.0
10:37:40,20000,6270.0
10:37:46,20000,6270.0
10:37:52,20000,6270.0
10:37:57,16429,6270.0
10:38:21,3571,6270.0
10:38:21,729,6270.0
10:38:23,92,6270.0
10:38:24,908,6270.0
10:38:24,19092,6280.0
10:38:33,4760,6280.0
10:38:35,4831,6270.0
10:38:43,3219,6270.0
10:38:51,11950,6270.0
10:38:54,65182,6270.0
10:38:56,20000,6280.0
10:39:00,9683,6270.0
10:39:01,16173,6270.0
10:39:23,1079,6260.0
10:39:32,8302,6260.0
10:39:37,1000,6270.0
10:39:44,1000,6260.0
10:39:52,1500,6260.0
10:40:08,1604,6260.0
10:40:08,15987,6260.0
10:40:13,3658,6260.0
10:40:18,17591,6260.0
10:40:24,59,6260.0
10:40:27,17591,6260.0
10:40:28,3457,6270.0
10:40:53,45600,6270.0
10:41:18,11410,6260.0
10:41:43,1991,6260.0
10:41:48,524,6260.0
10:41:48,2030,6260.0
10:41:48,824,6270.0
10:41:48,17370,6260.0
10:41:57,8499,6260.0
10:41:57,3925,6260.0
10:42:07,1500,6270.0
10:42:12,17591,6260.0
10:42:21,5000,6260.0
10:42:24,2495,6260.0
10:42:31,5879,6260.0
10:42:31,36420,6260.0
10:42:31,62297,6260.0
10:42:31,18704,6260.0
10:42:33,800,6260.0
10:42:38,2000,6270.0
10:42:52,22853,6260.0
10:42:55,66759,6270.0
10:43:00,2260,6270.0
10:43:43,5000,6270.0
10:43:50,1000,6270.0
10:43:54,5456,6270.0
10:44:31,3371,6260.0
10:44:34,3245,6260.0
10:44:46,810,6270.0
10:44:54,38478,6270.0
10:44:54,1618,6270.0
10:44:54,837,6270.0
10:44:54,1114,6270.0
10:45:02,32000,6260.0
10:45:03,835,6260.0
10:45:03,20377,6260.0
10:45:04,1266,6260.0
10:45:17,780,6260.0
10:45:30,1008,6260.0
10:45:43,3000,6260.0
10:45:46,709,6260.0
10:45:47,1300,6270.0
10:45:54,299,6270.0
10:45:54,20000,6270.0
10:45:54,1631,6270.0
10:45:56,3800,6260.0
10:46:02,8490,6260.0
10:46:17,490,6260.0
10:46:47,1000,6260.0
10:46:54,4779,6270.0
10:46:54,17563,6270.0
10:46:54,4410,6270.0
10:46:54,1369,6270.0
10:46:54,5000,6270.0
10:46:54,148,6270.0
10:47:02,1642,6260.0
10:47:04,9841,6260.0
10:47:04,15159,6260.0
10:47:23,974,6260.0
10:47:50,1020,6260.0
10:47:52,3899,6260.0
10:47:54,17415,6270.0
10:47:54,1000,6270.0
10:47:54,8151,6270.0
10:48:22,6338,6260.0
10:48:24,9386,6260.0
10:48:30,2478,6270.0
10:48:31,4213,6260.0
10:48:31,3292,6260.0
10:48:45,2534,6260.0
10:48:56,7713,6270.0
10:48:56,17563,6270.0
10:48:56,6800,6270.0
10:49:11,2154,6260.0
10:49:19,3000,6260.0
10:49:21,5500,6260.0
10:49:28,1500,6270.0
10:49:31,31700,6260.0
10:49:35,31773,6260.0
10:49:35,43694,6260.0
10:49:35,24533,6260.0
10:49:53,9263,6270.0
10:49:53,9666,6270.0
10:49:53,1000,6270.0
10:49:53,5076,6270.0
10:49:58,1000,6260.0
10:50:02,1500,6260.0
10:50:03,5070,6260.0
10:50:17,1000,6260.0
10:50:19,900,6260.0
10:50:20,1647,6260.0
10:50:31,3000,6260.0
10:50:34,1000,6260.0
10:50:38,6013,6260.0
10:50:38,5903,6260.0
10:50:39,2900,6270.0
10:50:41,21333,6260.0
10:50:52,2024,6270.0
10:50:52,5000,6270.0
10:50:52,920,6270.0
10:50:54,1500,6260.0
10:50:54,4080,6270.0
10:50:54,7618,6270.0
10:50:54,5000,6270.0
10:50:54,800,6270.0
10:50:54,13000,6270.0
10:50:54,1699,6270.0
10:50:55,14470,6260.0
10:51:35,7051,6270.0
10:51:35,50949,6270.0
10:51:39,2550,6270.0
10:51:49,9000,6270.0
10:51:55,2136,6260.0
10:51:55,398,6260.0
10:51:56,28772,6270.0
10:52:23,800,6270.0
10:52:25,920,6260.0
10:52:39,1588,6270.0
10:52:41,1432,6260.0
10:52:42,10000,6260.0
10:52:52,6341,6270.0
10:52:52,1000,6270.0
10:52:52,5535,6270.0
10:52:52,13312,6270.0
10:53:00,2247,6260.0
10:53:04,2680,6270.0
10:53:26,11606,6260.0
10:53:30,877,6260.0
10:53:37,43312,6260.0
10:53:37,70359,6260.0
10:53:37,8702,6260.0
10:53:37,28062,6260.0
10:53:37,3987,6260.0
10:53:37,30724,6260.0
10:53:37,14854,6260.0
10:53:37,34658,6260.0
10:53:37,34822,6260.0
10:53:44,58010,6260.0
10:53:44,55967,6260.0
10:53:44,82982,6260.0
10:53:44,3041,6260.0
10:53:46,1443,6260.0
10:53:52,8187,6270.0
10:53:52,5000,6270.0
10:53:52,18598,6270.0
10:53:52,30745,6270.0
10:53:57,11212,6260.0
10:54:01,15124,6260.0
10:54:01,13247,6260.0
10:54:01,19012,6260.0
10:54:01,8791,6260.0
10:54:01,43076,6260.0
10:54:01,83968,6260.0
10:54:01,16782,6260.0
10:54:02,74905,6260.0
10:54:02,67597,6260.0
10:54:02,19528,6260.0
10:54:02,33981,6260.0
10:54:02,3989,6260.0
10:54:02,39724,6270.0
10:54:03,72940,6260.0
10:54:03,61455,6260.0
10:54:03,19837,6260.0
10:54:03,45768,6260.0
10:54:06,1931,6260.0
10:54:07,1000,6260.0
10:54:07,5549,6260.0
10:54:07,85773,6260.0
10:54:07,57143,6260.0
10:54:07,39971,6260.0
10:54:07,11564,6260.0
10:54:25,1500,6260.0
10:54:25,1067,6260.0
10:54:52,28099,6270.0
10:55:01,726,6260.0
10:55:01,2912,6260.0
10:55:05,1425,6260.0
10:55:05,6338,6260.0
10:55:11,21658,6260.0
10:55:11,7182,6260.0
10:55:11,38343,6260.0
10:55:11,94364,6260.0
10:55:11,29015,6260.0
10:55:11,9438,6260.0
10:55:12,70508,6260.0
10:55:12,33879,6260.0
10:55:12,87741,6260.0
10:55:12,7872,6260.0
10:55:12,7305,6260.0
10:55:12,85521,6260.0
10:55:12,50027,6260.0
10:55:12,2075,6260.0
10:55:12,54342,6260.0
10:55:12,730,6260.0
10:55:20,6000,6260.0
10:55:24,82834,6270.0
10:55:24,17166,6270.0
10:55:28,100000,6270.0
10:55:33,39894,6270.0
10:55:33,60106,6270.0
10:55:35,100000,6270.0
10:55:44,39894,6270.0
10:55:44,60106,6270.0
10:55:47,100000,6270.0
10:55:56,39894,6270.0
10:55:56,60106,6270.0
10:55:58,100000,6270.0
10:56:00,39894,6270.0
10:56:00,1600,6270.0
10:56:00,2000,6270.0
10:56:00,3000,6270.0
10:56:00,53506,6270.0
10:56:03,100000,6270.0
10:56:05,46494,6270.0
10:56:05,39667,6270.0
10:56:05,5000,6270.0
10:56:05,1211,6270.0
10:56:05,7628,6270.0
10:56:07,60282,6270.0
10:56:07,8183,6270.0
10:56:07,22714,6270.0
10:56:07,1485,6270.0
10:56:07,7336,6270.0
10:56:08,18022,6270.0
10:56:08,6338,6270.0
10:56:08,1949,6270.0
10:56:08,45241,6270.0
10:56:08,10000,6270.0
10:56:08,1776,6270.0
10:56:08,5000,6270.0
10:56:08,5000,6270.0
10:56:08,6674,6270.0
10:56:13,100000,6270.0
10:56:14,1912,6270.0
10:56:16,91414,6270.0
10:56:16,8586,6270.0
10:56:24,30313,6260.0
10:56:24,28838,6260.0
10:56:24,1850,6260.0
10:56:24,900,6260.0
10:56:24,20000,6260.0
10:56:24,1607,6260.0
10:56:24,1692,6260.0
10:56:28,1356,6260.0
10:56:39,135,6260.0
10:56:39,8000,6260.0
10:56:39,5811,6260.0
10:56:44,50000,6270.0
10:56:45,8545,6260.0
10:57:05,644,6260.0
10:57:05,3288,6260.0
10:57:22,874,6260.0
10:57:22,126,6260.0
10:57:22,874,6260.0
10:57:22,1591,6260.0
10:57:22,799,6260.0
10:57:22,800,6260.0
10:57:22,1726,6260.0
10:57:22,4489,6260.0
10:57:22,1050,6260.0
10:57:22,852,6260.0
10:57:22,2570,6260.0
10:57:25,900,6260.0
10:57:36,45000,6270.0
10:57:43,1912,6270.0
10:57:45,1273,6260.0
10:57:46,31,6260.0
10:57:46,1270,6260.0
10:57:46,7967,6260.0
10:57:46,1000,6260.0
10:57:46,1002,6260.0
10:57:46,800,6260.0
10:57:46,2100,6260.0
10:57:46,3000,6260.0
10:57:46,5000,6260.0
10:57:46,1830,6260.0
10:57:53,895,6260.0
10:57:55,6292,6270.0
10:58:03,1254,6260.0
10:58:03,5296,6260.0
10:58:03,370,6260.0
10:58:14,180,6260.0
10:58:15,700,6260.0
10:58:15,816,6260.0
10:58:15,818,6260.0
10:58:15,4469,6260.0
10:58:18,58,6260.0
10:58:22,235,6260.0
10:58:22,800,6260.0
10:58:22,3254,6260.0
10:58:22,68472,6260.0
10:58:22,2239,6260.0
10:58:22,813,6260.0
10:58:26,88210,6270.0
10:58:26,12788,6270.0
10:58:26,16977,6270.0
10:58:26,1700,6270.0
10:58:26,1000,6270.0
10:58:26,49000,6270.0
10:58:26,30325,6270.0
10:58:26,2118,6260.0
10:58:27,169675,6270.0
10:58:27,15941,6270.0
10:58:27,3169,6270.0
10:58:27,5000,6270.0
10:58:36,1637,6270.0
10:58:36,89730,6280.0
10:58:36,10270,6280.0
10:59:28,808,6270.0
10:59:35,850,6270.0
10:59:43,1000,6270.0
10:59:44,1920,6270.0
10:59:49,759,6260.0
11:00:22,3080,6270.0
11:00:22,12100,6270.0
11:00:22,5950,6280.0
11:01:01,800,6270.0
11:01:01,7491,6260.0
11:01:05,7500,6270.0
11:01:07,1912,6270.0
11:01:21,18506,6270.0
11:01:29,5000,6270.0
11:01:32,1000,6270.0
11:01:40,19843,6270.0
11:01:40,1620,6270.0
11:01:59,10316,6270.0
11:01:59,6000,6270.0
11:01:59,16963,6260.0
11:01:59,9863,6260.0
11:01:59,10000,6260.0
11:01:59,5554,6260.0
11:01:59,850,6260.0
11:01:59,1000,6260.0
11:01:59,9454,6260.0
11:02:19,546,6260.0
11:02:19,802,6260.0
11:02:19,4902,6260.0
11:02:22,9915,6270.0
11:02:33,1500,6260.0
11:02:45,800,6270.0
11:02:54,9999,6270.0
11:03:07,1266,6260.0
11:03:12,290,6260.0
11:03:12,19260,6260.0
11:03:12,7945,6270.0
11:03:22,1341,6270.0
11:03:22,5396,6270.0
11:03:24,3000,6260.0
11:03:35,4961,6260.0
11:03:36,1599,6270.0
11:04:05,15606,6260.0
11:04:19,3256,6260.0
11:04:19,6886,6260.0
11:04:21,2871,6270.0
11:04:27,1500,6260.0
11:04:35,7000,6260.0
11:04:50,71615,6260.0
11:05:46,13000,6260.0
11:05:51,60000,6260.0
11:06:04,10000,6260.0
11:06:15,8688,6260.0
11:06:30,1000,6260.0
11:06:35,633,6260.0
11:06:39,1200,6260.0
11:06:47,11844,6260.0
11:06:47,940,6260.0
11:07:01,3000,6260.0
11:07:02,1000,6260.0
11:07:06,800,6260.0
11:07:07,3798,6260.0
11:07:07,1000,6260.0
11:07:07,820,6260.0
11:07:07,4524,6260.0
11:07:10,1000,6260.0
11:07:21,3476,6260.0
11:07:21,1500,6260.0
11:07:25,450,6260.0
11:07:25,2550,6270.0
11:07:52,2928,6260.0
11:07:52,10000,6260.0
11:07:52,1,6260.0
11:07:55,47420,6260.0
11:07:55,152580,6250.0
11:08:08,1590,6270.0
11:08:22,47420,6250.0
11:08:22,1000,6250.0
11:08:22,35000,6250.0
11:08:22,1000,6250.0
11:08:22,820,6250.0
11:08:22,850,6250.0
11:08:22,1000,6250.0
11:08:22,2000,6250.0
11:08:22,5129,6250.0
11:08:22,1861,6250.0
11:08:22,1000,6250.0
11:08:22,840,6250.0
11:08:22,2080,6250.0
11:08:27,117920,6250.0
11:08:27,1000,6250.0
11:08:27,5000,6250.0
11:08:27,2000,6250.0
11:08:27,4000,6250.0
11:08:27,16950,6250.0
11:08:27,1095,6250.0
11:08:27,11300,6250.0
11:08:27,1000,6250.0
11:08:27,1234,6250.0
11:08:27,957,6250.0
11:08:27,1174,6250.0
11:08:27,7611,6250.0
11:08:27,822,6250.0
11:08:27,1000,6250.0
11:08:27,800,6250.0
11:08:27,4100,6250.0
11:08:27,8024,6250.0
11:08:27,2000,6250.0
11:08:27,2000,6250.0
11:08:27,5000,6250.0
11:08:27,5013,6250.0
11:08:43,3183,6260.0
11:09:02,8983,6250.0
11:09:07,3000,6260.0
11:09:15,4000,6250.0
11:09:16,4755,6250.0
11:09:20,177249,6250.0
11:09:20,15803,6250.0
11:09:23,1400,6260.0
11:09:26,1063,6250.0
11:09:35,189,6250.0
11:09:38,2945,6250.0
11:09:38,4000,6250.0
11:09:38,1594,6250.0
11:09:38,1500,6250.0
11:09:38,1900,6250.0
11:09:38,1000,6250.0
11:09:38,872,6250.0
11:09:38,2389,6250.0
11:09:59,12417,6260.0
11:09:59,10000,6260.0
11:09:59,1072,6260.0
11:09:59,1511,6260.0
11:10:01,25000,6260.0
11:10:07,29492,6250.0
11:10:07,835,6250.0
11:10:07,2000,6250.0
11:10:07,2673,6250.0
11:10:07,5195,6260.0
11:10:07,2000,6260.0
11:10:09,9686,6260.0
11:10:32,1266,6260.0
11:10:43,850,6260.0
11:10:45,6003,6260.0
11:10:45,17026,6260.0
11:10:49,850,6260.0
11:10:49,23423,6260.0
11:10:49,727,6260.0
11:10:54,2773,6260.0
11:11:07,4200,6270.0
11:11:33,7708,6260.0
11:11:41,14519,6260.0
11:11:41,30000,6260.0
11:11:45,3832,6260.0
11:11:45,5398,6260.0
11:11:47,2163,6260.0
11:11:47,12677,6260.0
11:11:47,10160,6260.0
11:11:49,900,6250.0
11:11:52,1840,6260.0
11:12:01,7477,6260.0
11:12:09,15683,6260.0
11:12:10,4317,6260.0
11:12:12,9224,6260.0
11:12:30,3454,6260.0
11:12:30,5338,6260.0
11:12:30,1208,6270.0
11:12:33,6427,6250.0
11:12:33,11375,6250.0
11:12:33,1000,6250.0
11:12:33,7950,6250.0
11:12:33,12744,6250.0
11:12:33,25956,6250.0
11:12:41,15000,6250.0
11:12:47,34003,6270.0
11:13:03,4778,6250.0
11:13:03,3548,6250.0
11:13:03,10000,6250.0
11:13:16,2521,6260.0
11:13:16,21554,6260.0
11:13:27,925,6260.0
11:13:32,1475,6260.0
11:13:42,10000,6260.0
11:13:51,1000,6260.0
11:13:51,1546,6260.0
11:13:57,7099,6260.0
11:13:57,3880,6260.0
11:13:57,1010,6260.0
11:14:03,5110,6260.0
11:14:21,2400,6260.0
11:14:23,3751,6260.0
11:14:26,108,6260.0
11:14:31,10000,6270.0
11:14:46,1560,6270.0
11:15:15,1000,6270.0
11:15:24,22848,6270.0
11:15:30,11748,6260.0
11:15:46,1883,6260.0
11:15:46,13117,6260.0
11:15:50,10000,6260.0
11:15:54,6000,6260.0
11:16:22,3295,6260.0
11:16:24,10000,6260.0
11:16:24,26438,6270.0
11:16:26,39,6260.0
11:16:26,9000,6260.0
11:16:26,961,6260.0
11:16:27,5144,6260.0
11:16:33,10000,6260.0
11:16:38,10000,6260.0
11:16:40,5000,6260.0
11:16:43,3000,6260.0
11:16:46,2424,6270.0
11:16:48,111262,6260.0
11:16:49,5010,6260.0
11:16:54,49623,6260.0
11:16:54,377,6260.0
11:17:08,4000,6260.0
11:17:15,9044,6260.0
11:17:25,2000,6260.0
11:17:45,1588,6270.0
11:17:50,77415,6260.0
11:17:50,1592,6260.0
11:17:50,20993,6260.0
11:18:14,23947,6260.0
11:18:14,25000,6260.0
11:18:14,20000,6260.0
11:18:14,31053,6260.0
11:18:39,48125,6260.0
11:18:40,813,6260.0
11:18:50,98753,6260.0
11:18:51,1012,6260.0
11:18:53,2000,6260.0
11:18:56,1000,6260.0
11:19:16,1305,6260.0
11:19:21,15939,6260.0
11:19:21,19897,6260.0
11:19:23,5103,6260.0
11:19:23,94897,6260.0
11:19:32,16792,6260.0
11:19:32,1000,6260.0
11:19:32,25000,6260.0
11:19:37,7970,6250.0
11:19:37,7667,6250.0
11:19:38,7208,6260.0
11:19:38,1000,6260.0
11:19:39,954,6260.0
11:19:42,15838,6260.0
11:19:44,10759,6260.0
11:20:02,14241,6260.0
11:20:05,100266,6260.0
11:20:05,25000,6260.0
11:20:11,2534,6250.0
11:20:11,25000,6260.0
11:20:16,25000,6260.0
11:20:22,10493,6260.0
11:20:22,1000,6260.0
11:20:22,4000,6260.0
11:20:33,4000,6260.0
11:20:42,5507,6260.0
11:20:42,1000,6260.0
11:20:44,1000,6260.0
11:20:50,810,6260.0
11:20:55,12772,6260.0
11:20:56,1000,6260.0
11:20:58,184418,6260.0
11:20:58,15582,6260.0
11:21:00,1000,6260.0
11:21:07,1000,6260.0
11:21:08,951,6260.0
11:21:12,6467,6260.0
11:21:12,1000,6260.0
11:21:20,1244,6250.0
11:21:20,25000,6260.0
11:21:25,17533,6260.0
11:21:25,7467,6260.0
11:21:31,12533,6260.0
11:21:31,859,6260.0
11:21:31,1145,6260.0
11:21:31,10463,6260.0
11:21:33,39537,6260.0
11:21:37,25000,6260.0
11:21:42,25000,6260.0
11:21:55,1500,6250.0
11:22:09,5070,6250.0
11:22:32,10000,6250.0
11:22:33,6947,6250.0
11:22:36,7606,6250.0
11:22:54,850,6250.0
11:22:56,66715,6260.0
11:22:57,1521,6250.0
11:22:57,1800,6250.0
11:22:59,6000,6250.0
11:23:01,10546,6250.0
11:23:04,33285,6260.0
11:23:04,1000,6260.0
11:23:04,10000,6260.0
11:23:04,155715,6260.0
11:23:05,10,6250.0
11:23:07,30921,6260.0
11:23:07,3000,6260.0
11:23:07,20000,6260.0
11:23:07,8900,6260.0
11:23:07,100000,6260.0
11:23:07,886,6260.0
11:23:07,10142,6260.0
11:23:07,870,6260.0
11:23:07,9937,6260.0
11:23:07,15344,6260.0
11:23:13,4656,6260.0
11:23:13,2000,6260.0
11:23:14,50000,6260.0
11:23:17,1394,6260.0
11:23:30,1000,6270.0
11:24:03,141950,6260.0
11:24:03,1150,6260.0
11:24:03,56900,6260.0
11:24:05,1532,6260.0
11:24:06,141568,6260.0
11:24:06,58432,6250.0
11:24:09,78273,6250.0
11:24:09,100000,6250.0
11:24:09,21727,6250.0
11:24:11,18273,6250.0
11:24:11,31881,6250.0
11:24:11,3985,6250.0
11:24:11,3430,6250.0
11:24:11,142431,6250.0
11:24:14,57569,6250.0
11:24:14,120000,6250.0
11:24:14,1830,6250.0
11:24:14,19263,6250.0
11:24:14,1338,6250.0
11:24:33,10000,6260.0
11:24:34,2000,6250.0
11:24:52,8000,6250.0
11:25:13,7606,6250.0
11:25:22,1056,6250.0
11:25:22,1478,6250.0
11:25:22,120680,6250.0
11:25:29,1500,6250.0
11:25:37,253,6250.0
11:25:41,1,6250.0
11:25:49,1000,6250.0
11:25:54,33000,6250.0
11:26:04,38036,6250.0
11:26:11,1000,6260.0
11:26:26,6366,6260.0
11:26:43,1550,6250.0
11:26:47,705,6250.0
11:27:00,1000,6250.0
11:27:09,797,6250.0
11:27:09,11072,6250.0
11:27:30,8928,6250.0
11:27:30,806,6250.0
11:27:30,6380,6250.0
11:27:30,23313,6250.0
11:27:34,10000,6250.0
11:27:37,981,6240.0
11:27:37,69811,6240.0
11:27:37,29208,6240.0
11:27:53,10000,6250.0
11:28:01,1203,6240.0
11:28:36,30565,6240.0
11:28:36,48658,6240.0
11:28:38,25865,6240.0
11:28:39,13126,6240.0
11:28:39,24338,6240.0
11:28:43,3968,6250.0
11:28:43,3040,6250.0
11:28:43,1000,6250.0
11:28:44,1000,6240.0
11:28:46,3233,6240.0
11:28:59,11663,6240.0
11:29:10,1200,6250.0
11:29:17,863,6240.0
11:29:33,25,6240.0
11:29:36,1000,6240.0
11:29:55,5220,6240.0
11:29:55,43284,6240.0
11:29:59,10721,6240.0
11:30:14,18125,6240.0
11:30:14,1875,6240.0
11:30:17,6946,6240.0
11:30:17,12564,6240.0
11:30:17,22436,6240.0
11:30:22,790,6240.0
11:30:29,2000,6250.0
11:30:30,3061,6240.0
11:30:38,3230,6240.0
11:30:51,30369,6240.0
11:30:51,22376,6240.0
11:30:51,15089,6240.0
11:30:54,2485,6250.0
11:31:02,3802,6240.0
11:31:09,3523,6240.0
11:31:34,1700,6240.0
11:32:01,1000,6240.0
11:32:07,850,6240.0
11:32:08,1500,6250.0
11:32:19,1775,6250.0
11:32:19,4000,6250.0
11:32:19,1000,6250.0
11:32:19,2344,6250.0
11:32:19,2181,6250.0
11:32:24,30000,6240.0
11:32:41,12666,6240.0
11:32:41,41027,6240.0
11:32:41,10307,6240.0
11:32:44,24634,6240.0
11:32:44,1450,6240.0
11:32:45,6575,6240.0
11:32:45,10000,6250.0
11:32:46,37819,6250.0
11:32:46,577,6250.0
11:32:46,20000,6250.0
11:32:46,5398,6250.0
11:32:48,14661,6240.0
11:32:49,12000,6250.0
11:33:08,38945,6240.0
11:33:08,26652,6240.0
11:33:14,4000,6240.0
11:33:21,1185,6250.0
11:33:29,3600,6240.0
11:33:52,14416,6240.0
11:33:58,2000,6250.0
11:34:02,3831,6250.0
11:34:03,5562,6240.0
11:34:03,1186,6240.0
11:34:03,5930,6240.0
11:34:12,91336,6240.0
11:34:12,35930,6240.0
11:34:12,72734,6240.0
11:34:14,3549,6240.0
11:34:19,13121,6240.0
11:34:19,22879,6240.0
11:34:19,63009,6240.0
11:34:19,95949,6240.0
11:34:19,5042,6240.0
11:34:21,158220,6250.0
11:34:21,1000,6250.0
11:34:21,10000,6250.0
11:34:21,30780,6250.0
11:34:23,19220,6250.0
11:34:23,3435,6250.0
11:34:23,100000,6250.0
11:34:23,2217,6250.0
11:34:23,5000,6250.0
11:34:23,544,6250.0
11:34:23,3055,6250.0
11:34:23,846,6250.0
11:34:23,26340,6250.0
11:34:23,2807,6250.0
11:34:23,3762,6250.0
11:34:23,4563,6250.0
11:34:23,19253,6250.0
11:34:23,1000,6250.0
11:34:23,2315,6250.0
11:34:28,5643,6250.0
11:34:28,57301,6240.0
11:34:28,53052,6240.0
11:34:28,3721,6240.0
11:34:28,24181,6240.0
11:34:28,56102,6240.0
11:34:38,36267,6240.0
11:34:38,62978,6240.0
11:34:38,10721,6240.0
11:34:38,81095,6240.0
11:34:38,1816,6240.0
11:34:38,7123,6240.0
11:34:44,89452,6240.0
11:34:44,61597,6240.0
11:34:44,48951,6240.0
11:34:58,4500,6240.0
11:35:00,2100,6240.0
11:35:02,5000,6250.0
11:35:20,269,6250.0
11:35:20,2731,6250.0
11:35:35,1708,6240.0
11:35:35,6308,6240.0
11:35:35,1109,6240.0
11:35:39,810,6250.0
11:36:05,11300,6240.0
11:36:05,3660,6240.0
11:36:05,4058,6240.0
11:36:18,117,6240.0
11:36:34,2062,6250.0
11:36:35,24000,6240.0
11:36:46,2000,6250.0
11:36:53,53027,6240.0
11:36:53,1973,6240.0
11:36:56,1594,6250.0
11:36:56,803,6250.0
11:36:56,9,6250.0
11:37:04,3735,6240.0
11:37:23,10000,6240.0
11:37:31,1725,6240.0
11:37:31,3181,6240.0
11:37:38,25203,6240.0
11:37:50,29500,6240.0
11:37:51,5976,6240.0
11:37:51,185,6240.0
11:37:56,4000,6240.0
11:38:06,1025,6240.0
11:38:06,2161,6240.0
11:38:07,2280,6240.0
11:38:15,2534,6240.0
11:38:18,1500,6250.0
11:38:24,20000,6240.0
11:39:01,48008,6240.0
11:39:14,4200,6240.0
11:39:25,815,6240.0
11:39:30,491,6250.0
11:39:30,1400,6250.0
11:39:30,5000,6250.0
11:39:30,9049,6250.0
11:39:38,789,6240.0
11:39:58,9961,6240.0
11:39:58,30039,6240.0
11:40:10,904,6240.0
11:40:21,5000,6240.0
11:40:27,10000,6240.0
11:40:32,1200,6250.0
11:40:43,12522,6240.0
11:40:43,17478,6240.0
11:40:46,12752,6250.0
11:40:50,36270,6240.0
11:40:50,9702,6240.0
11:40:50,43040,6240.0
11:40:50,10131,6240.0
11:40:50,857,6240.0
11:40:50,3111,6240.0
11:40:56,2858,6240.0
11:41:04,2000,6240.0
11:41:07,1808,6240.0
11:41:07,14199,6240.0
11:41:08,16000,6240.0
11:41:10,10084,6240.0
11:41:10,18466,6240.0
11:41:29,1500,6240.0
11:41:33,136,6240.0
11:41:39,7000,6250.0
11:41:42,19999,6250.0
11:41:42,30000,6250.0
11:41:42,1000,6250.0
11:41:42,4491,6250.0
11:41:42,50000,6250.0
11:41:42,19000,6250.0
11:41:42,5000,6250.0
11:41:42,70510,6250.0
11:41:44,1000,6240.0
11:41:58,20000,6240.0
11:42:07,2000,6250.0
11:42:12,1000,6240.0
11:42:14,1000,6250.0
11:42:15,7500,6240.0
11:42:15,22490,6250.0
11:42:15,1700,6250.0
11:42:15,5000,6250.0
11:42:15,23768,6250.0
11:42:15,3000,6250.0
11:42:15,50000,6250.0
11:42:15,5718,6250.0
11:42:15,5900,6250.0
11:42:15,5958,6250.0
11:42:15,33006,6250.0
11:42:15,38000,6250.0
11:42:15,808,6250.0
11:42:15,4652,6250.0
11:42:21,17348,6250.0
11:42:21,39000,6250.0
11:42:21,130000,6250.0
11:42:21,2377,6250.0
11:42:21,520,6250.0
11:42:21,8000,6250.0
11:42:21,633,6250.0
11:42:22,812,6250.0
11:42:23,1000,6250.0
11:42:26,310,6250.0
11:42:28,490,6250.0
11:42:33,1000,6250.0
11:42:42,2027,6250.0
11:42:52,50000,6250.0
11:42:54,3000,6250.0
11:42:56,50000,6250.0
11:43:09,1663,6250.0
11:43:11,920,6250.0
11:43:12,2000,6260.0
11:43:12,8367,6260.0
11:43:12,29633,6260.0
11:43:16,15000,6250.0
11:43:19,1500,6250.0
11:43:21,1184,6260.0
11:43:21,6816,6260.0
11:43:25,50000,6250.0
11:43:30,8232,6250.0
11:43:38,16168,6250.0
11:43:38,48000,6250.0
11:43:38,20000,6250.0
11:43:38,827,6250.0
11:43:38,850,6250.0
11:43:38,14155,6250.0
11:43:51,36177,6250.0
11:43:58,900,6260.0
11:44:01,3183,6260.0
11:44:03,811,6260.0
11:44:10,2098,6250.0
11:44:14,808,6250.0
11:44:18,1711,6250.0
11:44:19,16000,6250.0
11:44:23,1615,6250.0
11:44:25,954,6250.0
11:44:36,9000,6250.0
11:44:44,3802,6250.0
11:44:47,4296,6250.0
11:44:49,9384,6250.0
11:44:49,6376,6250.0
11:44:49,1280,6250.0
11:44:49,1594,6250.0
11:44:49,3985,6250.0
11:45:00,3000,6250.0
11:45:03,1050,6240.0
11:45:23,10000,6240.0
11:45:23,4888,6240.0
11:45:25,1328,6240.0
11:45:25,372,6240.0
11:45:34,3380,6240.0
11:45:46,1000,6250.0
11:45:49,5198,6250.0
11:45:49,28370,6250.0
11:45:49,998,6240.0
11:45:55,810,6240.0
11:46:01,1774,6240.0
11:46:08,5719,6240.0
11:46:28,22743,6240.0
11:46:28,19487,6240.0
11:46:28,57770,6240.0
11:46:36,32325,6240.0
11:46:36,15786,6240.0
11:46:36,26545,6240.0
11:46:36,25344,6240.0
11:46:42,940,6240.0
11:46:42,80343,6240.0
11:46:42,13056,6240.0
11:46:42,5661,6240.0
11:46:56,828,6250.0
11:47:07,10852,6240.0
11:47:07,29148,6240.0
11:47:13,1000,6250.0
11:47:15,4000,6250.0
11:47:23,1200,6240.0
11:47:24,1000,6250.0
11:47:34,20000,6240.0
11:47:34,1300,6250.0
11:47:38,25000,6240.0
11:47:42,828,6250.0
11:47:50,2000,6250.0
11:47:52,2417,6240.0
11:47:52,583,6240.0
11:47:54,900,6250.0
11:48:14,7300,6250.0
11:48:22,817,6250.0
11:48:29,3000,6250.0
11:48:47,7235,6240.0
11:49:02,936,6240.0
11:49:03,12000,6240.0
11:49:08,10000,6250.0
11:49:14,4884,6240.0
11:49:14,21644,6240.0
11:49:15,5000,6250.0
11:49:28,12500,6240.0
11:49:34,5609,6240.0
11:49:46,17787,6250.0
11:49:48,5000,6240.0
11:49:59,1600,6240.0
11:50:00,830,6240.0
11:50:29,2000,6240.0
11:50:33,28269,6240.0
11:50:35,1755,6250.0
11:50:41,2534,6240.0
11:50:50,900,6250.0
11:51:03,14898,6240.0
11:51:03,66049,6240.0
11:51:03,90275,6240.0
11:51:03,28778,6240.0
11:51:22,508,6240.0
11:51:26,30000,6250.0
11:51:55,426,6240.0
11:51:56,3900,6240.0
11:52:07,9500,6240.0
11:52:27,7000,6240.0
11:52:34,1000,6240.0
11:52:39,4000,6240.0
11:53:07,795,6240.0
11:53:14,10000,6250.0
11:53:17,10000,6250.0
11:53:19,3075,6240.0
11:53:19,2700,6240.0
11:53:21,11026,6250.0
11:53:37,10000,6250.0
11:53:38,2788,6250.0
11:54:06,7584,6250.0
11:54:06,12416,6250.0
11:54:08,900,6240.0
11:54:08,1484,6250.0
11:54:08,838,6250.0
11:54:17,7000,6240.0
11:54:17,1012,6250.0
11:54:20,8000,6240.0
11:54:32,3027,6240.0
11:54:32,6973,6240.0
11:54:34,1260,6240.0
11:54:39,6000,6250.0
11:54:40,4712,6250.0
11:54:40,10000,6250.0
11:54:40,2000,6250.0
11:54:40,8400,6250.0
11:54:40,850,6250.0
11:54:40,808,6250.0
11:54:40,9730,6250.0
11:54:42,57195,6240.0
11:54:45,835,6240.0
11:54:56,3600,6240.0
11:54:57,834,6250.0
11:55:14,2915,6240.0
11:55:14,10000,6250.0
11:55:15,16945,6240.0
11:55:16,2946,6240.0
11:55:16,54,6240.0
11:56:00,5000,6250.0
11:56:05,15379,6240.0
11:56:06,68497,6250.0
11:56:06,11000,6250.0
11:56:06,25358,6250.0
11:56:06,1500,6250.0
11:56:06,10000,6250.0
11:56:06,5000,6250.0
11:56:06,78645,6250.0
11:56:07,17662,6240.0
11:56:11,2000,6240.0
11:56:12,65355,6250.0
11:56:12,8000,6250.0
11:56:12,40906,6250.0
11:56:12,2534,6250.0
11:56:12,5354,6250.0
11:56:12,1000,6250.0
11:56:12,50000,6250.0
11:56:12,26851,6250.0
11:56:15,2534,6240.0
11:56:19,235,6250.0
11:56:19,2665,6250.0
11:56:23,4150,6240.0
11:56:29,1500,6240.0
11:56:29,17335,6250.0
11:56:29,182665,6250.0
11:56:32,1661,6240.0
11:56:33,1768,6240.0
11:56:36,17335,6250.0
11:56:36,5000,6250.0
11:56:36,3098,6250.0
11:56:36,5000,6250.0
11:56:36,542,6250.0
11:56:36,19025,6250.0
11:56:40,5000,6240.0
11:56:41,3000,6240.0
11:56:43,1878,6250.0
11:56:57,2000,6250.0
11:57:14,130683,6250.0
11:57:14,3275,6250.0
11:57:14,5000,6250.0
11:57:14,3878,6250.0
11:57:14,10000,6250.0
11:57:14,1592,6250.0
11:57:14,5200,6250.0
11:57:38,20000,6250.0
11:57:47,871,6250.0
11:57:48,9129,6250.0
11:57:48,871,6250.0
11:58:07,1000,6250.0
11:58:15,721,6250.0
11:58:15,104,6250.0
11:58:17,808,6250.0
11:58:37,2276,6250.0
11:58:37,13000,6250.0
11:58:44,147,6240.0
11:58:53,1000,6250.0
11:58:55,23159,6240.0
11:58:55,6841,6240.0
11:58:57,58,6240.0
11:59:10,10000,6240.0
11:59:11,10000,6240.0
11:59:13,10000,6240.0
11:59:17,10000,6240.0
11:59:23,2523,6240.0
11:59:27,17472,6240.0
11:59:27,33177,6240.0
11:59:27,18642,6240.0
11:59:27,66881,6240.0
11:59:36,999,6240.0
11:59:39,18878,6250.0
11:59:39,1122,6250.0
11:59:40,1617,6240.0
11:59:40,1000,6250.0
11:59:41,1000,6240.0
11:59:43,1000,6250.0
11:59:49,2000,6240.0
12:00:00,6878,6250.0
12:00:00,3122,6250.0
12:00:16,1600,6250.0
12:00:21,417,6240.0
12:00:21,1000,6240.0
12:00:32,24087,6240.0
12:00:32,25833,6240.0
12:00:32,31807,6240.0
12:00:32,8273,6240.0
12:00:36,4000,6240.0
12:00:44,2000,6240.0
12:00:45,74122,6240.0
12:00:45,43396,6240.0
12:00:45,71222,6240.0
12:00:45,11260,6240.0
12:00:45,2000,6240.0
12:00:46,5278,6250.0
12:00:46,10000,6250.0
12:00:46,14722,6250.0
12:00:54,100000,6250.0
12:00:56,85278,6250.0
12:00:56,14722,6250.0
12:00:57,100000,6250.0
12:00:58,85278,6250.0
12:00:58,7500,6250.0
12:00:58,7222,6250.0
12:00:59,2778,6250.0
12:00:59,90000,6250.0
12:00:59,3500,6250.0
12:00:59,1000,6250.0
12:00:59,2722,6250.0
12:01:00,2979,6250.0
12:01:00,6982,6250.0
12:01:00,1594,6250.0
12:01:00,16482,6250.0
12:01:00,5000,6250.0
12:01:00,5000,6250.0
12:01:00,4000,6250.0
12:01:00,1000,6250.0
12:01:00,56963,6250.0
12:01:08,100000,6250.0
12:01:08,9159,6250.0
12:01:08,6841,6250.0
12:01:16,4310,6250.0
12:01:17,20000,6250.0
12:01:19,10000,6250.0
12:01:20,28578,6260.0
12:01:20,759,6260.0
12:01:20,5813,6260.0
12:01:20,100000,6260.0
12:01:20,1000,6260.0
12:01:20,30000,6260.0
12:01:20,33850,6260.0
12:01:21,16150,6260.0
12:01:21,100000,6260.0
12:01:21,24000,6260.0
12:01:21,5000,6260.0
12:01:21,2000,6260.0
12:01:21,2027,6260.0
12:01:21,1000,6260.0
12:01:21,7962,6260.0
12:01:21,1698,6260.0
12:01:21,40163,6260.0
12:01:23,57337,6260.0
12:01:23,4124,6260.0
12:01:23,144,6260.0
12:01:23,3000,6260.0
12:01:23,3357,6260.0
12:01:23,5000,6260.0
12:01:23,7606,6260.0
12:01:23,100000,6260.0
12:01:23,5000,6260.0
12:01:23,1500,6260.0
12:01:23,1644,6260.0
12:01:23,11288,6260.0
12:01:24,6120,6260.0
12:01:24,1000,6260.0
12:01:24,97000,6260.0
12:01:24,7169,6260.0
12:01:24,50000,6260.0
12:01:24,38711,6260.0
12:01:34,5000,6260.0
12:01:37,2391,6250.0
12:01:40,156289,6260.0
12:01:40,43711,6260.0
12:01:41,156289,6260.0
12:01:41,17255,6260.0
12:01:41,26456,6260.0
12:01:41,173544,6260.0
12:01:42,26456,6260.0
12:01:42,173544,6260.0
12:01:42,850,6260.0
12:01:43,25606,6260.0
12:01:43,174394,6260.0
12:01:44,25606,6260.0
12:01:45,174394,6260.0
12:01:58,50000,6270.0
12:02:17,29725,6270.0
12:02:17,30000,6270.0
12:02:17,1630,6270.0
12:02:17,1343,6270.0
12:02:17,50000,6270.0
12:02:17,1900,6270.0
12:02:17,10000,6270.0
12:02:17,5000,6270.0
12:02:17,70402,6270.0
12:02:18,29598,6270.0
12:02:18,5000,6270.0
12:02:18,165402,6270.0
12:02:18,34598,6270.0
12:02:18,165402,6270.0
12:02:18,34598,6270.0
12:02:18,50000,6270.0
12:02:18,3802,6270.0
12:02:18,100000,6270.0
12:02:18,11600,6270.0
12:02:19,38400,6270.0
12:02:19,50000,6270.0
12:02:19,395,6270.0
12:02:19,50000,6270.0
12:02:19,1000,6270.0
12:02:19,5000,6270.0
12:02:19,1000,6270.0
12:02:19,810,6270.0
12:02:19,820,6270.0
12:02:19,50000,6270.0
12:02:19,2575,6270.0
12:02:19,16425,6270.0
12:02:19,70368,6270.0
12:02:19,1000,6270.0
12:02:19,15214,6270.0
12:02:19,2000,6270.0
12:02:19,1000,6270.0
12:02:19,948,6270.0
12:02:19,50000,6270.0
12:02:19,43045,6270.0
12:02:20,56955,6270.0
12:02:20,10006,6270.0
12:02:20,10150,6270.0
12:02:20,3000,6270.0
12:02:20,10000,6270.0
12:02:20,5008,6270.0
12:02:20,5000,6270.0
12:02:20,1012,6270.0
12:02:20,98869,6270.0
12:02:21,101131,6270.0
12:02:21,2900,6270.0
12:02:21,95969,6270.0
12:02:21,104031,6270.0
12:02:21,2300,6270.0
12:02:21,2534,6270.0
12:02:21,91135,6270.0
12:02:21,8865,6270.0
12:02:21,8000,6270.0
12:02:21,183135,6270.0
12:02:22,16865,6270.0
12:02:23,183135,6270.0
12:02:23,16865,6270.0
12:02:24,14133,6270.0
12:02:25,169002,6270.0
12:02:25,25000,6270.0
12:02:25,5998,6270.0
12:02:26,194002,6270.0
12:02:26,5998,6270.0
12:02:31,5070,6270.0
12:02:41,1699,6280.0
12:02:42,20501,6270.0
12:02:47,10000,6280.0
12:02:52,168431,6270.0
12:02:52,27722,6270.0
12:03:19,2062,6280.0
12:03:24,5000,6270.0
12:03:27,1808,6270.0
12:03:29,15865,6280.0
12:03:37,800,6280.0
12:03:45,2000,6280.0
12:03:50,5000,6270.0
12:03:58,1,6270.0
12:04:00,9454,6270.0
12:04:07,151015,6270.0
12:04:07,48985,6270.0
12:04:11,1537,6270.0
12:04:12,11533,6270.0
12:04:28,10000,6280.0
12:04:31,31134,6270.0
12:04:35,1,6270.0
12:04:36,15871,6280.0
12:04:37,2000,6280.0
12:04:40,106810,6270.0
12:04:40,93190,6270.0
12:04:43,106810,6270.0
12:04:43,93190,6270.0
12:04:45,1182,6270.0
12:04:48,1000,6270.0
12:04:54,1712,6270.0
12:04:58,850,6270.0
12:05:05,10000,6270.0
12:05:08,92066,6270.0
12:05:08,107934,6270.0
12:05:12,53761,6270.0
12:05:16,38305,6270.0
12:05:16,161695,6270.0
12:05:21,38305,6270.0
12:05:21,14099,6270.0
12:05:21,147596,6270.0
12:05:22,10000,6270.0
12:05:22,807,6270.0
12:05:26,1146,6280.0
12:05:28,5000,6270.0
12:05:31,1000,6270.0
12:05:38,25000,6280.0
12:05:39,6800,6270.0
12:05:47,1100,6280.0
12:05:54,28797,6270.0
12:05:54,171203,6270.0
12:06:01,4900,6270.0
12:06:02,56458,6280.0
12:06:06,1139,6270.0
12:06:07,5000,6270.0
12:06:10,17758,6270.0
12:06:10,2242,6270.0
12:06:15,22255,6270.0
12:06:16,868,6270.0
12:06:17,10000,6280.0
12:06:26,1600,6270.0
12:06:40,801,6280.0
12:06:41,94809,6270.0
12:06:41,2000,6270.0
12:06:43,1000,6270.0
12:06:46,48712,6270.0
12:06:58,45,6270.0
12:07:06,28978,6280.0
12:07:06,3966,6280.0
12:07:06,26475,6280.0
12:07:06,59,6280.0
12:07:06,16900,6280.0
12:07:06,17535,6280.0
12:07:06,6000,6280.0
12:07:06,87,6280.0
12:07:12,7000,6270.0
12:07:13,2192,6270.0
12:07:18,3967,6280.0
12:07:18,1278,6280.0
12:07:18,2534,6280.0
12:07:18,17535,6280.0
12:07:18,1000,6280.0
12:07:18,5000,6280.0
12:07:18,5000,6280.0
12:07:18,3686,6280.0
12:07:21,17277,6270.0
12:07:21,11053,6270.0
12:07:27,9663,6270.0
12:07:40,2314,6280.0
12:07:40,1338,6280.0
12:07:40,8205,6280.0
12:07:45,91795,6280.0
12:07:45,8205,6280.0
12:07:55,1000,6270.0
12:08:08,10000,6280.0
12:08:09,24000,6270.0
12:08:10,32620,6270.0
12:08:12,13000,6270.0
12:08:14,900,6270.0
12:08:16,10853,6270.0
12:08:21,96911,6270.0
12:08:21,83089,6270.0
12:08:28,2280,6270.0
12:08:29,805,6270.0
12:08:33,1769,6270.0
12:08:38,6085,6270.0
12:08:47,7000,6270.0
12:08:51,15000,6270.0
12:08:53,7600,6270.0
12:08:58,5000,6270.0
12:08:58,3500,6270.0
12:09:01,16091,6270.0
12:09:13,10000,6270.0
12:09:20,81795,6280.0
12:09:20,18205,6280.0
12:09:21,14278,6280.0
12:09:23,100000,6280.0
12:09:24,8139,6270.0
12:09:25,67517,6280.0
12:09:25,8000,6280.0
12:09:25,303,6280.0
12:09:25,24180,6280.0
12:09:27,2167,6270.0
12:09:28,1244,6270.0
12:09:30,3000,6270.0
12:09:57,10142,6270.0
12:10:04,819,6270.0
12:10:19,5000,6270.0
12:10:24,11270,6270.0
12:10:24,88730,6270.0
12:10:27,800,6280.0
12:10:32,4652,6270.0
12:10:40,20000,6280.0
12:10:43,19707,6270.0
12:10:46,31100,6270.0
12:10:54,8000,6270.0
12:10:57,3000,6270.0
12:10:57,5020,6280.0
12:10:57,2000,6280.0
12:10:57,1943,6280.0
12:10:57,5678,6270.0
12:11:00,57,6280.0
12:11:00,7887,6280.0
12:11:01,2000,6270.0
12:11:12,1000,6270.0
12:11:34,20000,6270.0
12:11:37,16133,6270.0
12:11:37,15850,6270.0
12:11:37,800,6270.0
12:11:37,18946,6270.0
12:11:37,3332,6270.0
12:11:37,15890,6270.0
12:11:37,18619,6270.0
12:11:44,9381,6270.0
12:11:44,11000,6270.0
12:11:44,30000,6270.0
12:11:44,8000,6270.0
12:11:44,21707,6270.0
12:11:44,1000,6270.0
12:11:44,3000,6270.0
12:11:44,1400,6270.0
12:11:44,20000,6270.0
12:11:44,3150,6270.0
12:11:44,1500,6270.0
12:11:44,900,6270.0
12:11:44,1492,6270.0
12:11:44,22470,6270.0
12:11:54,2713,6270.0
12:12:05,9169,6280.0
12:12:06,18097,6270.0
12:12:14,46720,6270.0
12:12:14,873,6270.0
12:12:14,2407,6270.0
12:12:17,5000,6270.0
12:12:27,1500,6280.0
12:12:28,1266,6270.0
12:12:34,797,6280.0
12:12:36,1327,6270.0
12:12:36,2252,6270.0
12:12:44,2780,6270.0
12:13:02,803,6270.0
12:13:04,25606,6260.0
12:13:04,24394,6260.0
12:13:08,50000,6260.0
12:13:12,50000,6260.0
12:13:16,50000,6260.0
12:13:27,2200,6270.0
12:13:36,2000,6260.0
12:13:48,23606,6260.0
12:13:48,76394,6260.0
12:13:56,21002,6260.0
12:13:58,28016,6260.0
12:14:02,638,6270.0
12:14:02,1560,6270.0
12:14:02,979,6270.0
12:14:06,860,6270.0
12:14:07,10000,6260.0
12:14:11,1161,6270.0
12:14:11,430,6270.0
12:14:20,1000,6270.0
12:14:22,11838,6260.0
12:14:26,1000,6270.0
12:14:43,2000,6260.0
12:15:10,1000,6270.0
12:15:17,6570,6270.0
12:15:17,93430,6270.0
12:15:18,6570,6270.0
12:15:18,814,6270.0
12:15:18,1000,6270.0
12:15:18,617,6270.0
12:15:18,35000,6270.0
12:15:18,5000,6270.0
12:15:18,50999,6270.0
12:15:20,49001,6270.0
12:15:20,50999,6270.0
12:15:23,49001,6270.0
12:15:23,1888,6270.0
12:15:23,45450,6270.0
12:15:23,3661,6270.0
12:15:25,50000,6270.0
12:15:25,46339,6270.0
12:15:25,1000,6270.0
12:15:25,3000,6270.0
12:15:25,3852,6270.0
12:15:31,4000,6270.0
12:15:36,1664,6270.0
12:16:01,40145,6270.0
12:16:01,10000,6270.0
12:16:01,47509,6270.0
12:16:04,2255,6270.0
12:16:08,50236,6270.0
12:16:08,1986,6270.0
12:16:08,100000,6270.0
12:16:08,47778,6270.0
12:16:10,52222,6270.0
12:16:10,1590,6270.0
12:16:10,100000,6270.0
12:16:11,3000,6270.0
12:16:20,999,6270.0
12:16:24,905,6270.0
12:16:32,5000,6260.0
12:16:39,45750,6260.0
12:16:39,54250,6260.0
12:16:44,1000,6270.0
12:16:50,40284,6270.0
12:16:50,3000,6270.0
12:16:51,4889,6270.0
12:16:55,20998,6270.0
12:16:55,1580,6270.0
12:17:04,15000,6260.0
12:17:20,1000,6270.0
12:17:24,76422,6270.0
12:17:24,12209,6270.0
12:17:24,11369,6270.0
12:17:58,2000,6260.0
12:17:58,1093,6270.0
12:18:07,1150,6270.0
12:18:17,3230,6260.0
12:18:20,30000,6270.0
12:18:29,36388,6270.0
12:18:29,5000,6270.0
12:18:29,5000,6270.0
12:18:29,5000,6270.0
12:18:29,1774,6270.0
12:18:29,1,6270.0
12:18:29,5000,6270.0
12:18:29,100000,6270.0
12:18:29,16000,6270.0
12:18:29,1000,6270.0
12:18:29,24837,6270.0
12:18:39,35883,6270.0
12:18:40,850,6260.0
12:18:41,14638,6260.0
12:18:45,3000,6260.0
12:18:51,39280,6270.0
12:18:51,29567,6270.0
12:18:51,2000,6270.0
12:18:51,29153,6270.0
12:19:01,10590,6270.0
12:19:01,5000,6260.0
12:19:03,27404,6260.0
12:19:05,886,6260.0
12:19:05,73742,6260.0
12:19:05,954,6260.0
12:19:05,25304,6260.0
12:19:07,160257,6270.0
12:19:07,2534,6270.0
12:19:07,7944,6270.0
12:19:07,2000,6270.0
12:19:07,810,6270.0
12:19:07,26455,6270.0
12:19:24,2786,6270.0
12:19:31,805,6270.0
12:19:40,806,6260.0
12:19:44,20489,6270.0
12:19:44,7541,6270.0
12:19:44,5000,6270.0
12:19:44,30000,6270.0
12:19:44,808,6270.0
12:19:45,1000,6270.0
12:19:46,1452,6270.0
12:19:58,1000,6270.0
12:20:11,3000,6270.0
12:20:12,1200,6270.0
12:20:15,1000,6270.0
12:20:22,3413,6270.0
12:20:25,7060,6270.0
12:20:28,6993,6270.0
12:20:30,800,6280.0
12:20:32,5000,6270.0
12:20:32,2758,6270.0
12:20:36,5590,6270.0
12:20:44,1521,6270.0
12:20:45,1000,6280.0
12:20:46,80000,6270.0
12:20:46,15175,6270.0
12:20:46,25766,6270.0
12:20:46,159059,6270.0
12:20:47,40941,6270.0
12:20:47,6006,6270.0
12:20:47,1340,6270.0
12:20:47,1100,6270.0
12:20:47,2000,6270.0
12:20:47,3183,6270.0
12:20:47,990,6270.0
12:20:47,144440,6270.0
12:20:50,26060,6270.0
12:20:50,1600,6270.0
12:20:50,72340,6260.0
12:20:54,100000,6260.0
12:20:54,1550,6260.0
12:20:54,98450,6260.0
12:20:55,23400,6270.0
12:21:04,254,6260.0
12:21:04,9073,6260.0
12:21:06,10000,6260.0
12:21:21,7944,6270.0
12:21:22,3751,6260.0
12:21:24,810,6260.0
12:21:26,900,6260.0
12:21:28,811,6260.0
12:21:28,1000,6270.0
12:21:29,75951,6260.0
12:21:29,24049,6260.0
12:21:30,100000,6260.0
12:21:30,75951,6260.0
12:21:30,14621,6260.0
12:21:30,5000,6260.0
12:21:30,1000,6260.0
12:21:30,3428,6260.0
12:21:31,12461,6260.0
12:21:31,15889,6260.0
12:21:31,15889,6260.0
12:21:31,15889,6260.0
12:21:31,15889,6260.0
12:21:31,23983,6260.0
12:21:31,176017,6260.0
12:21:31,11200,6260.0
12:21:31,1600,6260.0
12:21:31,1000,6260.0
12:21:31,1000,6260.0
12:21:31,9183,6260.0
12:21:32,15817,6260.0
12:21:32,2000,6260.0
12:21:32,1000,6260.0
12:21:32,10000,6260.0
12:21:32,1500,6260.0
12:21:32,69683,6260.0
12:21:33,54845,6260.0
12:21:33,7200,6260.0
12:21:33,32000,6260.0
12:21:33,4447,6260.0
12:21:33,1508,6260.0
12:21:35,492,6260.0
12:21:35,2000,6260.0
12:21:35,804,6260.0
12:21:35,96704,6250.0
12:21:37,100000,6250.0
12:21:37,3296,6250.0
12:21:37,96704,6250.0
12:21:38,100000,6250.0
12:21:39,3296,6250.0
12:21:39,33009,6250.0
12:21:39,100000,6250.0
12:21:40,25000,6260.0
12:21:40,66991,6250.0
12:21:40,8009,6250.0
12:21:41,100000,6250.0
12:21:49,900,6260.0
12:21:49,24100,6260.0
12:21:49,75900,6250.0
12:21:49,16091,6250.0
12:21:49,83909,6250.0
12:21:50,100000,6250.0
12:21:50,16091,6250.0
12:21:50,83909,6250.0
12:22:08,2560,6270.0
12:22:18,2000,6260.0
12:22:19,1000,6270.0
12:22:20,5000,6260.0
12:22:34,1000,6260.0
12:22:35,17000,6260.0
12:22:35,30731,6260.0
12:22:35,2269,6260.0
12:22:37,6181,6260.0
12:22:37,1300,6260.0
12:22:37,1000,6260.0
12:22:37,810,6260.0
12:22:43,25000,6260.0
12:22:46,7129,6250.0
12:22:48,1647,6250.0
12:22:49,25000,6260.0
12:22:50,43,6250.0
12:22:54,2802,6250.0
12:22:54,1000,6260.0
12:22:54,5000,6260.0
12:22:54,12262,6260.0
12:22:59,3200,6260.0
12:23:00,3538,6260.0
12:23:00,10000,6260.0
12:23:00,1462,6250.0
12:23:07,25000,6260.0
12:23:09,15000,6250.0
12:23:10,2194,6260.0
12:23:10,886,6260.0
12:23:11,12920,6260.0
12:23:11,25000,6260.0
12:23:15,4716,6250.0
12:23:17,24374,6260.0
12:23:17,626,6260.0
12:23:22,38171,6250.0
12:23:22,374,6260.0
12:23:22,1523,6260.0
12:23:22,10567,6260.0
12:23:24,1081,6260.0
12:23:25,11455,6260.0
12:23:25,18545,6250.0
12:23:38,16143,6260.0
12:23:39,8857,6260.0
12:23:44,10468,6260.0
12:23:47,9737,6260.0
12:23:53,180,6260.0
12:23:59,4615,6260.0
12:23:59,45385,6260.0
12:24:12,812,6260.0
12:24:22,5070,6260.0
12:24:25,28383,6260.0
12:24:25,21617,6260.0
12:24:30,3383,6260.0
12:24:36,25000,6260.0
12:24:38,1381,6250.0
12:24:48,25195,6250.0
12:24:48,1594,6250.0
12:24:48,1594,6250.0
12:24:48,3500,6250.0
12:24:48,850,6250.0
12:24:48,1616,6250.0
12:24:48,4219,6250.0
12:24:48,10000,6250.0
12:24:48,1000,6250.0
12:24:48,432,6250.0
12:24:49,2662,6250.0
12:24:49,30000,6250.0
12:25:02,1667,6250.0
12:25:05,26626,6250.0
12:25:09,50717,6250.0
12:25:14,3000,6260.0
12:25:18,3200,6250.0
12:25:28,30000,6250.0
12:25:34,50000,6250.0
12:25:37,18617,6260.0
12:25:37,3500,6260.0
12:25:37,50000,6260.0
12:25:37,8089,6260.0
12:25:37,50000,6260.0
12:25:37,4000,6260.0
12:25:37,23812,6260.0
12:25:37,8224,6260.0
12:25:37,3480,6260.0
12:25:37,5428,6260.0
12:25:37,2500,6260.0
12:25:37,22350,6260.0
12:25:39,40955,6260.0
12:25:41,14436,6260.0
12:25:42,16250,6260.0
12:25:43,100000,6260.0
12:25:43,28359,6260.0
12:25:44,2598,6250.0
12:25:51,130686,6260.0
12:25:56,21,6260.0
12:25:59,1640,6260.0
12:26:10,3655,6270.0
12:26:10,40000,6260.0
12:26:17,24175,6260.0
12:26:17,639,6260.0
12:26:25,4438,6270.0
12:26:25,1000,6270.0
12:26:25,3000,6270.0
12:26:25,20000,6270.0
12:26:25,5000,6270.0
12:26:25,2000,6270.0
12:26:25,805,6270.0
12:26:25,17000,6270.0
12:26:25,5000,6270.0
12:26:25,886,6270.0
12:26:25,2900,6270.0
12:26:25,37971,6270.0
12:26:28,3000,6270.0
12:26:39,1000,6260.0
12:26:39,1839,6260.0
12:26:39,1778,6260.0
12:26:42,198222,6260.0
12:26:42,1778,6260.0
12:26:51,2617,6260.0
12:26:51,4235,6260.0
12:26:59,9092,6260.0
12:26:59,95500,6260.0
12:26:59,95408,6260.0
12:27:04,810,6260.0
12:27:10,159029,6270.0
12:27:10,3000,6270.0
12:27:10,2000,6270.0
12:27:10,16482,6270.0
12:27:10,19489,6270.0
12:27:12,9533,6270.0
12:27:14,20978,6270.0
12:27:14,20000,6270.0
12:27:14,4000,6270.0
12:27:14,850,6270.0
12:27:14,2000,6270.0
12:27:14,20000,6270.0
12:27:14,806,6270.0
12:27:14,16,6270.0
12:27:14,5000,6270.0
12:27:14,8190,6270.0
12:27:14,20000,6270.0
12:27:14,1000,6270.0
12:27:14,1000,6270.0
12:27:14,15000,6270.0
12:27:14,805,6270.0
12:27:14,790,6270.0
12:27:14,8000,6270.0
12:27:14,3237,6270.0
12:27:14,17673,6270.0
12:27:14,16100,6270.0
12:27:14,1000,6270.0
12:27:14,1610,6270.0
12:27:14,10000,6270.0
12:27:14,17580,6270.0
12:27:14,4365,6270.0
12:27:17,70000,6260.0
12:27:18,30731,6260.0
12:27:22,3051,6260.0
12:27:22,1050,6260.0
12:27:22,1500,6260.0
12:27:22,4399,6260.0
12:27:23,850,6260.0
12:27:27,3000,6270.0
12:27:28,8120,6270.0
12:27:29,34515,6270.0
12:27:29,10000,6270.0
12:27:32,11900,6270.0
12:27:38,5070,6270.0
12:27:39,5000,6270.0
12:27:41,810,6270.0
12:27:42,904,6270.0
12:27:45,8677,6270.0
12:27:46,48847,6280.0
12:27:46,30000,6280.0
12:27:46,2500,6280.0
12:27:46,17026,6280.0
12:27:46,1627,6280.0
12:27:48,3799,6280.0
12:27:48,1079,6280.0
12:27:48,122,6280.0
12:27:50,809,6270.0
12:27:53,11725,6270.0
12:27:57,10000,6270.0
12:27:57,20000,6270.0
12:27:57,2731,6270.0
12:27:59,1000,6280.0
12:27:59,77859,6270.0
12:27:59,122141,6270.0
12:28:00,16632,6270.0
12:28:03,480,6280.0
12:28:03,199520,6280.0
12:28:04,480,6280.0
12:28:04,910,6280.0
12:28:04,6897,6280.0
12:28:04,3000,6280.0
12:28:04,7500,6280.0
12:28:04,16177,6280.0
12:28:04,10000,6280.0
12:28:04,2977,6280.0
12:28:04,61434,6280.0
12:28:04,10000,6280.0
12:28:04,2154,6280.0
12:28:04,5325,6280.0
12:28:04,5000,6280.0
12:28:04,24000,6280.0
12:28:04,44146,6280.0
12:28:12,3172,6280.0
12:28:13,4050,6270.0
12:28:15,805,6270.0
12:28:18,56372,6270.0
12:28:18,850,6270.0
12:28:18,16778,6270.0
12:28:18,16593,6270.0
12:28:22,10000,6270.0
12:28:22,5853,6270.0
12:28:23,2682,6280.0
12:28:23,67000,6280.0
12:28:23,30000,6280.0
12:28:23,2000,6280.0
12:28:23,200,6280.0
12:28:23,1022,6280.0
12:28:23,8000,6280.0
12:28:23,1000,6280.0
12:28:23,5000,6280.0
12:28:23,1500,6280.0
12:28:23,2000,6280.0
12:28:23,17338,6280.0
12:28:23,1602,6280.0
12:28:23,800,6280.0
12:28:23,15000,6280.0
12:28:23,44856,6280.0
12:28:24,1808,6270.0
12:28:30,12873,6270.0
12:28:32,1000,6270.0
12:28:33,10000,6270.0
12:28:34,10000,6270.0
12:28:43,50331,6270.0
12:28:44,759,6270.0
12:28:46,1000,6270.0
12:28:51,870,6280.0
12:28:52,50000,6270.0
12:28:56,5446,6270.0
12:28:58,870,6280.0
12:28:58,2000,6270.0
12:29:00,1571,6280.0
12:29:01,10000,6280.0
12:29:02,10000,6280.0
12:29:04,10000,6280.0
12:29:08,5000,6270.0
12:29:09,559,6270.0
12:29:09,15889,6270.0
12:29:09,800,6270.0
12:29:09,4750,6270.0
12:29:09,20700,6270.0
12:29:09,2000,6270.0
12:29:09,1271,6270.0
12:29:09,4031,6270.0
12:29:09,121833,6280.0
12:29:09,102,6280.0
12:29:09,6500,6280.0
12:29:09,11192,6280.0
12:29:09,40147,6280.0
12:29:09,1000,6280.0
12:29:09,6177,6280.0
12:29:09,7800,6280.0
12:29:15,969,6270.0
12:29:15,5819,6270.0
12:29:15,7177,6270.0
12:29:15,810,6270.0
12:29:15,1750,6270.0
12:29:15,3667,6270.0
12:29:15,850,6270.0
12:29:15,3958,6270.0
12:29:16,1000,6280.0
12:29:20,6042,6270.0
12:29:20,1000,6270.0
12:29:24,800,6270.0
12:29:29,15864,6270.0
12:29:30,7243,6270.0
12:29:30,2757,6270.0
12:29:31,2014,6270.0
12:29:31,10000,6270.0
12:29:31,10000,6270.0
12:29:31,5000,6270.0
12:29:31,25358,6270.0
12:29:39,5000,6270.0
12:29:41,4828,6270.0
12:29:44,2500,6270.0
12:29:44,1260,6280.0
12:29:46,1000,6280.0
12:29:48,14521,6270.0
12:29:53,50000,6270.0
12:29:54,3617,6270.0
12:29:55,10000,6270.0
12:29:56,47488,6270.0
